USER_ID,PLATFORM,APP_NAME,CREATE_TS,INSTALL_TS,SESSION_ID
1,ios,app_1,2022-01-01T01:09:32.000Z,2022-01-01T01:09:32.000Z,1640999371742
2,ios,app_1,2022-01-01T18:55:17.000Z,2022-01-01T18:55:17.000Z,1641063316272
2,ios,app_1,2022-01-01T18:55:33.000Z,2022-01-01T18:55:17.000Z,1641063328206
2,ios,app_1,2022-01-01T18:58:17.000Z,2022-01-01T18:55:17.000Z,1641063488674
2,ios,app_1,2022-01-01T19:28:03.000Z,2022-01-01T18:55:17.000Z,1641065283271
2,ios,app_1,2022-01-02T21:11:41.000Z,2022-01-01T18:55:17.000Z,1641157900472
2,ios,app_1,2022-01-03T01:40:04.000Z,2022-01-01T18:55:17.000Z,1641174004106
2,ios,app_1,2022-01-04T03:28:57.000Z,2022-01-01T18:55:17.000Z,1641266936380
2,ios,app_1,2022-01-04T03:33:54.000Z,2022-01-01T18:55:17.000Z,1641267233687
3,ios,app_1,2022-01-01T05:02:46.000Z,2022-01-01T05:02:46.000Z,1641013365666
3,ios,app_1,2022-01-01T05:02:49.000Z,2022-01-01T05:02:46.000Z,1641013367581
3,ios,app_1,2022-01-01T05:03:11.000Z,2022-01-01T05:02:46.000Z,1641013384434
3,ios,app_1,2022-01-01T05:49:43.000Z,2022-01-01T05:02:46.000Z,1641016176282
3,ios,app_1,2022-01-01T05:50:14.000Z,2022-01-01T05:02:46.000Z,1641016206539
3,ios,app_1,2022-01-01T05:50:57.000Z,2022-01-01T05:02:46.000Z,1641016256176
3,ios,app_1,2022-01-01T18:35:57.000Z,2022-01-01T05:02:46.000Z,1641062157200
3,ios,app_1,2022-01-01T18:55:43.000Z,2022-01-01T05:02:46.000Z,1641063343409
3,ios,app_1,2022-01-02T01:55:13.000Z,2022-01-01T05:02:46.000Z,1641088513295
4,android,app_1,2022-01-01T08:09:09.000Z,2022-01-01T08:09:09.000Z,1641024547451
4,android,app_1,2022-01-01T18:04:56.000Z,2022-01-01T08:09:09.000Z,1641060293983
4,android,app_1,2022-01-01T18:13:20.000Z,2022-01-01T08:09:09.000Z,1641060716328
4,android,app_1,2022-01-01T18:15:14.000Z,2022-01-01T08:09:09.000Z,1641060873018
4,android,app_1,2022-01-01T18:15:35.000Z,2022-01-01T08:09:09.000Z,1641060927255
4,android,app_1,2022-01-01T18:17:26.000Z,2022-01-01T08:09:09.000Z,1641061032787
4,android,app_1,2022-01-01T18:19:41.000Z,2022-01-01T08:09:09.000Z,1641061132194
4,android,app_1,2022-01-02T18:58:50.000Z,2022-01-01T08:09:09.000Z,1641149928317
4,android,app_1,2022-01-03T14:51:55.000Z,2022-01-01T08:09:09.000Z,1641221512824
4,android,app_1,2022-01-03T15:54:04.000Z,2022-01-01T08:09:09.000Z,1641225242862
4,android,app_1,2022-01-03T16:42:19.000Z,2022-01-01T08:09:09.000Z,1641228136157
5,android,app_1,2022-01-01T10:38:27.000Z,2022-01-01T10:38:27.000Z,1641033479354
5,android,app_1,2022-01-06T15:37:47.000Z,2022-01-01T10:38:27.000Z,1641483452735
6,android,app_1,2022-01-01T00:53:50.000Z,2022-01-01T00:53:50.000Z,1640998429081
6,android,app_1,2022-01-01T00:55:06.000Z,2022-01-01T00:53:50.000Z,1640998501136
6,android,app_1,2022-01-01T00:56:13.000Z,2022-01-01T00:53:50.000Z,1640998567508
6,android,app_1,2022-01-01T00:57:17.000Z,2022-01-01T00:53:50.000Z,1640998630515
6,android,app_1,2022-01-01T00:59:03.000Z,2022-01-01T00:53:50.000Z,1640998732759
6,android,app_1,2022-01-01T01:00:11.000Z,2022-01-01T00:53:50.000Z,1640998806033
6,android,app_1,2022-01-01T01:01:27.000Z,2022-01-01T00:53:50.000Z,1640998881859
6,android,app_1,2022-01-01T01:29:35.000Z,2022-01-01T00:53:50.000Z,1641000574550
6,android,app_1,2022-01-01T03:36:51.000Z,2022-01-01T00:53:50.000Z,1641008210548
6,android,app_1,2022-01-01T04:34:01.000Z,2022-01-01T00:53:50.000Z,1641011640300
6,android,app_1,2022-01-01T16:47:43.000Z,2022-01-01T00:53:50.000Z,1641055662727
6,android,app_1,2022-01-02T19:15:25.000Z,2022-01-01T00:53:50.000Z,1641150924071
6,android,app_1,2022-01-02T19:16:50.000Z,2022-01-01T00:53:50.000Z,1641150986875
6,android,app_1,2022-01-02T19:18:11.000Z,2022-01-01T00:53:50.000Z,1641151081283
6,android,app_1,2022-01-02T21:14:11.000Z,2022-01-01T00:53:50.000Z,1641158050259
6,android,app_1,2022-01-02T21:16:29.000Z,2022-01-01T00:53:50.000Z,1641158173799
6,android,app_1,2022-01-02T21:18:33.000Z,2022-01-01T00:53:50.000Z,1641158308841
7,android,app_1,2022-01-01T17:31:54.000Z,2022-01-01T17:31:54.000Z,1641058228398
8,android,app_1,2022-01-01T14:51:29.000Z,2022-01-01T14:51:29.000Z,1641048686595
8,android,app_1,2022-01-01T14:53:11.000Z,2022-01-01T14:51:29.000Z,1641048786317
8,android,app_1,2022-01-01T14:54:29.000Z,2022-01-01T14:51:29.000Z,1641048863337
8,android,app_1,2022-01-01T14:55:43.000Z,2022-01-01T14:51:29.000Z,1641048933029
8,android,app_1,2022-01-01T14:56:35.000Z,2022-01-01T14:51:29.000Z,1641048988368
8,android,app_1,2022-01-01T14:57:45.000Z,2022-01-01T14:51:29.000Z,1641049054667
8,android,app_1,2022-01-01T14:58:58.000Z,2022-01-01T14:51:29.000Z,1641049131054
8,android,app_1,2022-01-01T14:59:54.000Z,2022-01-01T14:51:29.000Z,1641049187621
8,android,app_1,2022-01-01T22:00:47.000Z,2022-01-01T14:51:29.000Z,1641074445847
8,android,app_1,2022-01-01T22:01:41.000Z,2022-01-01T14:51:29.000Z,1641074492112
8,android,app_1,2022-01-01T22:02:40.000Z,2022-01-01T14:51:29.000Z,1641074553848
8,android,app_1,2022-01-01T22:03:56.000Z,2022-01-01T14:51:29.000Z,1641074621732
8,android,app_1,2022-01-01T22:04:58.000Z,2022-01-01T14:51:29.000Z,1641074692145
8,android,app_1,2022-01-01T22:06:48.000Z,2022-01-01T14:51:29.000Z,1641074778625
8,android,app_1,2022-01-01T22:07:36.000Z,2022-01-01T14:51:29.000Z,1641074850439
8,android,app_1,2022-01-01T22:09:12.000Z,2022-01-01T14:51:29.000Z,1641074930586
8,android,app_1,2022-01-01T22:10:14.000Z,2022-01-01T14:51:29.000Z,1641075007858
8,android,app_1,2022-01-01T22:12:47.000Z,2022-01-01T14:51:29.000Z,1641075110673
8,android,app_1,2022-01-01T22:14:32.000Z,2022-01-01T14:51:29.000Z,1641075244907
8,android,app_1,2022-01-01T22:16:18.000Z,2022-01-01T14:51:29.000Z,1641075371019
8,android,app_1,2022-01-01T22:17:00.000Z,2022-01-01T14:51:29.000Z,1641075414351
8,android,app_1,2022-01-01T22:18:17.000Z,2022-01-01T14:51:29.000Z,1641075491009
8,android,app_1,2022-01-01T22:19:04.000Z,2022-01-01T14:51:29.000Z,1641075538192
8,android,app_1,2022-01-01T22:21:07.000Z,2022-01-01T14:51:29.000Z,1641075618507
8,android,app_1,2022-01-01T22:26:25.000Z,2022-01-01T14:51:29.000Z,1641075975953
8,android,app_1,2022-01-02T11:14:22.000Z,2022-01-01T14:51:29.000Z,1641122060019
8,android,app_1,2022-01-02T11:16:07.000Z,2022-01-01T14:51:29.000Z,1641122155465
8,android,app_1,2022-01-02T11:17:41.000Z,2022-01-01T14:51:29.000Z,1641122254829
8,android,app_1,2022-01-02T11:18:41.000Z,2022-01-01T14:51:29.000Z,1641122299155
8,android,app_1,2022-01-02T11:19:32.000Z,2022-01-01T14:51:29.000Z,1641122365609
8,android,app_1,2022-01-02T11:20:33.000Z,2022-01-01T14:51:29.000Z,1641122419072
8,android,app_1,2022-01-02T11:21:21.000Z,2022-01-01T14:51:29.000Z,1641122475017
8,android,app_1,2022-01-02T11:22:33.000Z,2022-01-01T14:51:29.000Z,1641122526348
8,android,app_1,2022-01-02T11:23:15.000Z,2022-01-01T14:51:29.000Z,1641122591907
8,android,app_1,2022-01-02T11:23:58.000Z,2022-01-01T14:51:29.000Z,1641122605611
8,android,app_1,2022-01-02T11:25:02.000Z,2022-01-01T14:51:29.000Z,1641122696020
8,android,app_1,2022-01-02T12:04:01.000Z,2022-01-01T14:51:29.000Z,1641125039159
8,android,app_1,2022-01-02T12:06:04.000Z,2022-01-01T14:51:29.000Z,1641125154037
8,android,app_1,2022-01-02T12:07:49.000Z,2022-01-01T14:51:29.000Z,1641125258834
8,android,app_1,2022-01-02T12:08:31.000Z,2022-01-01T14:51:29.000Z,1641125306640
8,android,app_1,2022-01-02T12:10:36.000Z,2022-01-01T14:51:29.000Z,1641125422032
8,android,app_1,2022-01-02T12:11:40.000Z,2022-01-01T14:51:29.000Z,1641125469737
8,android,app_1,2022-01-02T12:42:11.000Z,2022-01-01T14:51:29.000Z,1641127328619
8,android,app_1,2022-01-02T12:44:46.000Z,2022-01-01T14:51:29.000Z,1641127454152
8,android,app_1,2022-01-02T12:46:11.000Z,2022-01-01T14:51:29.000Z,1641127561143
8,android,app_1,2022-01-02T12:48:16.000Z,2022-01-01T14:51:29.000Z,1641127679237
8,android,app_1,2022-01-02T12:49:01.000Z,2022-01-01T14:51:29.000Z,1641127731317
8,android,app_1,2022-01-02T12:50:38.000Z,2022-01-01T14:51:29.000Z,1641127828662
8,android,app_1,2022-01-02T12:51:57.000Z,2022-01-01T14:51:29.000Z,1641127908053
8,android,app_1,2022-01-02T12:54:10.000Z,2022-01-01T14:51:29.000Z,1641128041729
8,android,app_1,2022-01-02T12:56:50.000Z,2022-01-01T14:51:29.000Z,1641128122381
8,android,app_1,2022-01-02T12:58:48.000Z,2022-01-01T14:51:29.000Z,1641128251460
8,android,app_1,2022-01-02T12:59:31.000Z,2022-01-01T14:51:29.000Z,1641128364157
8,android,app_1,2022-01-02T13:01:26.000Z,2022-01-01T14:51:29.000Z,1641128481016
8,android,app_1,2022-01-02T13:03:43.000Z,2022-01-01T14:51:29.000Z,1641128604167
8,android,app_1,2022-01-02T13:04:49.000Z,2022-01-01T14:51:29.000Z,1641128656299
8,android,app_1,2022-01-02T13:05:28.000Z,2022-01-01T14:51:29.000Z,1641128723754
8,android,app_1,2022-01-02T13:06:53.000Z,2022-01-01T14:51:29.000Z,1641128779428
8,android,app_1,2022-01-02T13:07:47.000Z,2022-01-01T14:51:29.000Z,1641128860266
8,android,app_1,2022-01-02T13:09:44.000Z,2022-01-01T14:51:29.000Z,1641128977853
8,android,app_1,2022-01-02T13:11:39.000Z,2022-01-01T14:51:29.000Z,1641129093815
8,android,app_1,2022-01-02T13:13:14.000Z,2022-01-01T14:51:29.000Z,1641129185480
8,android,app_1,2022-01-02T13:16:27.000Z,2022-01-01T14:51:29.000Z,1641129373168
8,android,app_1,2022-01-02T13:17:49.000Z,2022-01-01T14:51:29.000Z,1641129454928
8,android,app_1,2022-01-02T13:20:16.000Z,2022-01-01T14:51:29.000Z,1641129598241
8,android,app_1,2022-01-02T13:22:18.000Z,2022-01-01T14:51:29.000Z,1641129658230
8,android,app_1,2022-01-02T13:24:22.000Z,2022-01-01T14:51:29.000Z,1641129854652
8,android,app_1,2022-01-02T13:25:49.000Z,2022-01-01T14:51:29.000Z,1641129941023
8,android,app_1,2022-01-02T13:27:19.000Z,2022-01-01T14:51:29.000Z,1641130030338
8,android,app_1,2022-01-02T13:28:40.000Z,2022-01-01T14:51:29.000Z,1641130100815
8,android,app_1,2022-01-02T20:41:32.000Z,2022-01-01T14:51:29.000Z,1641156091787
8,android,app_1,2022-01-02T20:43:01.000Z,2022-01-01T14:51:29.000Z,1641156174409
8,android,app_1,2022-01-02T20:44:35.000Z,2022-01-01T14:51:29.000Z,1641156268041
8,android,app_1,2022-01-02T20:46:21.000Z,2022-01-01T14:51:29.000Z,1641156374048
8,android,app_1,2022-01-02T20:47:48.000Z,2022-01-01T14:51:29.000Z,1641156457490
8,android,app_1,2022-01-06T08:06:03.000Z,2022-01-01T14:51:29.000Z,1641456362740
8,android,app_1,2022-01-06T08:08:26.000Z,2022-01-01T14:51:29.000Z,1641456496060
9,android,app_1,2022-01-01T10:57:36.000Z,2022-01-01T10:57:36.000Z,1641034653954
9,android,app_1,2022-01-01T11:00:39.000Z,2022-01-01T10:57:36.000Z,1641034836978
9,android,app_1,2022-01-01T11:03:09.000Z,2022-01-01T10:57:36.000Z,1641034950329
9,android,app_1,2022-01-01T11:03:51.000Z,2022-01-01T10:57:36.000Z,1641035025682
9,android,app_1,2022-01-01T11:05:05.000Z,2022-01-01T10:57:36.000Z,1641035096461
9,android,app_1,2022-01-01T11:07:05.000Z,2022-01-01T10:57:36.000Z,1641035222220
9,android,app_1,2022-01-01T11:11:07.000Z,2022-01-01T10:57:36.000Z,1641035464548
9,android,app_1,2022-01-01T11:13:23.000Z,2022-01-01T10:57:36.000Z,1641035587092
9,android,app_1,2022-01-02T09:57:34.000Z,2022-01-01T10:57:36.000Z,1641117438987
10,android,app_1,2022-01-01T20:25:40.000Z,2022-01-01T20:25:40.000Z,1641068738857
10,android,app_1,2022-01-01T20:26:57.000Z,2022-01-01T20:25:40.000Z,1641068796090
10,android,app_1,2022-01-01T20:28:00.000Z,2022-01-01T20:25:40.000Z,1641068872794
10,android,app_1,2022-01-03T14:41:28.000Z,2022-01-01T20:25:40.000Z,1641220889131
10,android,app_1,2022-01-04T15:48:42.000Z,2022-01-01T20:25:40.000Z,1641311301325
10,android,app_1,2022-01-04T16:02:56.000Z,2022-01-01T20:25:40.000Z,1641312164864
11,android,app_1,2022-01-01T18:22:53.000Z,2022-01-01T18:22:53.000Z,1641061370921
11,android,app_1,2022-01-01T18:24:34.000Z,2022-01-01T18:22:53.000Z,1641061465270
11,android,app_1,2022-01-02T13:46:30.000Z,2022-01-01T18:22:53.000Z,1641131187048
11,android,app_1,2022-01-02T13:47:50.000Z,2022-01-01T18:22:53.000Z,1641131263273
11,android,app_1,2022-01-02T13:50:14.000Z,2022-01-01T18:22:53.000Z,1641131350915
11,android,app_1,2022-01-02T16:46:52.000Z,2022-01-01T18:22:53.000Z,1641142001921
11,android,app_1,2022-01-02T17:00:25.000Z,2022-01-01T18:22:53.000Z,1641142720840
11,android,app_1,2022-01-02T17:01:49.000Z,2022-01-01T18:22:53.000Z,1641142857837
11,android,app_1,2022-01-02T17:02:38.000Z,2022-01-01T18:22:53.000Z,1641142918835
11,android,app_1,2022-01-02T17:04:50.000Z,2022-01-01T18:22:53.000Z,1641143079050
11,android,app_1,2022-01-02T17:05:58.000Z,2022-01-01T18:22:53.000Z,1641143146090
11,android,app_1,2022-01-02T17:08:04.000Z,2022-01-01T18:22:53.000Z,1641143274240
11,android,app_1,2022-01-02T17:08:54.000Z,2022-01-01T18:22:53.000Z,1641143327908
11,android,app_1,2022-01-03T12:00:54.000Z,2022-01-01T18:22:53.000Z,1641211249313
11,android,app_1,2022-01-05T15:03:51.000Z,2022-01-01T18:22:53.000Z,1641395030524
11,android,app_1,2022-01-05T15:05:08.000Z,2022-01-01T18:22:53.000Z,1641395053449
11,android,app_1,2022-01-05T15:06:13.000Z,2022-01-01T18:22:53.000Z,1641395151765
11,android,app_1,2022-01-05T15:07:44.000Z,2022-01-01T18:22:53.000Z,1641395248624
11,android,app_1,2022-01-05T15:08:37.000Z,2022-01-01T18:22:53.000Z,1641395292374
11,android,app_1,2022-01-05T15:09:27.000Z,2022-01-01T18:22:53.000Z,1641395357510
11,android,app_1,2022-01-05T15:10:35.000Z,2022-01-01T18:22:53.000Z,1641395431118
11,android,app_1,2022-01-05T15:11:03.000Z,2022-01-01T18:22:53.000Z,1641395446015
11,android,app_1,2022-01-05T15:12:48.000Z,2022-01-01T18:22:53.000Z,1641395516656
11,android,app_1,2022-01-05T22:08:44.000Z,2022-01-01T18:22:53.000Z,1641420509623
11,android,app_1,2022-01-07T10:51:07.000Z,2022-01-01T18:22:53.000Z,1641552287294
12,android,app_1,2022-01-01T17:44:12.000Z,2022-01-01T17:44:12.000Z,1641059052052
13,ios,app_1,2022-01-01T01:05:49.000Z,2022-01-01T01:05:49.000Z,1640999147153
13,ios,app_1,2022-01-01T01:05:51.000Z,2022-01-01T01:05:49.000Z,1640999150009
14,ios,app_1,2022-01-01T00:14:06.000Z,2022-01-01T00:14:06.000Z,1640996046006
14,ios,app_1,2022-01-01T00:14:08.000Z,2022-01-01T00:14:06.000Z,1640996047473
14,ios,app_1,2022-01-01T00:14:23.000Z,2022-01-01T00:14:06.000Z,1640996051867
14,ios,app_1,2022-01-01T00:18:47.000Z,2022-01-01T00:14:06.000Z,1640996326170
14,ios,app_1,2022-01-01T00:20:53.000Z,2022-01-01T00:14:06.000Z,1640996452246
14,ios,app_1,2022-01-01T00:22:34.000Z,2022-01-01T00:14:06.000Z,1640996511555
14,ios,app_1,2022-01-01T00:25:11.000Z,2022-01-01T00:14:06.000Z,1640996637835
14,ios,app_1,2022-01-01T00:37:12.000Z,2022-01-01T00:14:06.000Z,1640997412132
14,ios,app_1,2022-01-01T00:39:38.000Z,2022-01-01T00:14:06.000Z,1640997530942
14,ios,app_1,2022-01-02T20:30:10.000Z,2022-01-01T00:14:06.000Z,1641155409731
14,ios,app_1,2022-01-02T23:42:53.000Z,2022-01-01T00:14:06.000Z,1641166973022
14,ios,app_1,2022-01-02T23:43:24.000Z,2022-01-01T00:14:06.000Z,1641166988754
14,ios,app_1,2022-01-03T00:14:34.000Z,2022-01-01T00:14:06.000Z,1641168874214
14,ios,app_1,2022-01-03T00:18:11.000Z,2022-01-01T00:14:06.000Z,1641169091246
14,ios,app_1,2022-01-03T00:25:11.000Z,2022-01-01T00:14:06.000Z,1641169487583
14,ios,app_1,2022-01-03T01:58:50.000Z,2022-01-01T00:14:06.000Z,1641175083692
14,ios,app_1,2022-01-03T02:05:50.000Z,2022-01-01T00:14:06.000Z,1641175509647
14,ios,app_1,2022-01-03T02:09:27.000Z,2022-01-01T00:14:06.000Z,1641175749068
14,ios,app_1,2022-01-03T02:21:17.000Z,2022-01-01T00:14:06.000Z,1641176439915
14,ios,app_1,2022-01-03T02:22:50.000Z,2022-01-01T00:14:06.000Z,1641176531048
14,ios,app_1,2022-01-03T02:35:16.000Z,2022-01-01T00:14:06.000Z,1641177305598
14,ios,app_1,2022-01-03T02:36:49.000Z,2022-01-01T00:14:06.000Z,1641177407439
14,ios,app_1,2022-01-03T02:39:24.000Z,2022-01-01T00:14:06.000Z,1641177555965
14,ios,app_1,2022-01-03T02:42:29.000Z,2022-01-01T00:14:06.000Z,1641177738755
14,ios,app_1,2022-01-03T02:48:20.000Z,2022-01-01T00:14:06.000Z,1641178043274
14,ios,app_1,2022-01-03T02:56:04.000Z,2022-01-01T00:14:06.000Z,1641178564041
14,ios,app_1,2022-01-07T19:31:28.000Z,2022-01-01T00:14:06.000Z,1641583887702
15,android,app_1,2022-01-01T17:18:40.000Z,2022-01-01T17:18:40.000Z,1641057518832
15,android,app_1,2022-01-03T21:21:28.000Z,2022-01-01T17:18:40.000Z,1641244859568
15,android,app_1,2022-01-05T20:05:20.000Z,2022-01-01T17:18:40.000Z,1641413100891
16,android,app_1,2022-01-01T11:06:36.000Z,2022-01-01T11:06:36.000Z,1641035195193
16,android,app_1,2022-01-05T08:52:07.000Z,2022-01-01T11:06:36.000Z,1641372725947
16,android,app_1,2022-01-05T11:35:02.000Z,2022-01-01T11:06:36.000Z,1641382501270
16,android,app_1,2022-01-05T22:06:53.000Z,2022-01-01T11:06:36.000Z,1641420411262
17,android,app_1,2022-01-01T18:36:26.000Z,2022-01-01T18:36:26.000Z,1641062185192
17,android,app_1,2022-01-01T18:37:05.000Z,2022-01-01T18:36:26.000Z,1641062206065
17,android,app_1,2022-01-01T18:38:03.000Z,2022-01-01T18:36:26.000Z,1641062275723
17,android,app_1,2022-01-01T18:40:15.000Z,2022-01-01T18:36:26.000Z,1641062409019
17,android,app_1,2022-01-01T18:41:30.000Z,2022-01-01T18:36:26.000Z,1641062483730
17,android,app_1,2022-01-01T18:42:33.000Z,2022-01-01T18:36:26.000Z,1641062539831
17,android,app_1,2022-01-01T18:43:43.000Z,2022-01-01T18:36:26.000Z,1641062603987
17,android,app_1,2022-01-01T20:13:18.000Z,2022-01-01T18:36:26.000Z,1641067997109
17,android,app_1,2022-01-01T20:18:06.000Z,2022-01-01T18:36:26.000Z,1641068245551
17,android,app_1,2022-01-01T20:18:51.000Z,2022-01-01T18:36:26.000Z,1641068321413
17,android,app_1,2022-01-01T21:34:37.000Z,2022-01-01T18:36:26.000Z,1641072876243
17,android,app_1,2022-01-01T21:47:12.000Z,2022-01-01T18:36:26.000Z,1641073618534
17,android,app_1,2022-01-01T21:48:57.000Z,2022-01-01T18:36:26.000Z,1641073705422
17,android,app_1,2022-01-01T22:34:40.000Z,2022-01-01T18:36:26.000Z,1641076478769
17,android,app_1,2022-01-03T16:44:18.000Z,2022-01-01T18:36:26.000Z,1641228257793
17,android,app_1,2022-01-03T16:46:03.000Z,2022-01-01T18:36:26.000Z,1641228343222
17,android,app_1,2022-01-03T16:46:54.000Z,2022-01-01T18:36:26.000Z,1641228407354
17,android,app_1,2022-01-03T16:48:23.000Z,2022-01-01T18:36:26.000Z,1641228493871
17,android,app_1,2022-01-06T21:50:42.000Z,2022-01-01T18:36:26.000Z,1641505840497
18,android,app_1,2022-01-01T08:41:18.000Z,2022-01-01T08:41:18.000Z,1641026476627
18,android,app_1,2022-01-01T08:53:50.000Z,2022-01-01T08:41:18.000Z,1641027222730
18,android,app_1,2022-01-01T08:54:52.000Z,2022-01-01T08:41:18.000Z,1641027285203
18,android,app_1,2022-01-01T08:55:58.000Z,2022-01-01T08:41:18.000Z,1641027334290
18,android,app_1,2022-01-01T08:58:08.000Z,2022-01-01T08:41:18.000Z,1641027471741
18,android,app_1,2022-01-01T08:59:31.000Z,2022-01-01T08:41:18.000Z,1641027556918
18,android,app_1,2022-01-01T09:07:42.000Z,2022-01-01T08:41:18.000Z,1641028009620
18,android,app_1,2022-01-01T09:08:57.000Z,2022-01-01T08:41:18.000Z,1641028117334
18,android,app_1,2022-01-01T09:12:17.000Z,2022-01-01T08:41:18.000Z,1641028272480
18,android,app_1,2022-01-01T10:47:42.000Z,2022-01-01T08:41:18.000Z,1641034061075
18,android,app_1,2022-01-01T10:49:05.000Z,2022-01-01T08:41:18.000Z,1641034129407
18,android,app_1,2022-01-01T10:50:08.000Z,2022-01-01T08:41:18.000Z,1641034200174
18,android,app_1,2022-01-01T10:54:12.000Z,2022-01-01T08:41:18.000Z,1641034416415
18,android,app_1,2022-01-01T10:55:23.000Z,2022-01-01T08:41:18.000Z,1641034505782
18,android,app_1,2022-01-01T10:57:17.000Z,2022-01-01T08:41:18.000Z,1641034622521
18,android,app_1,2022-01-01T10:59:27.000Z,2022-01-01T08:41:18.000Z,1641034760400
18,android,app_1,2022-01-01T11:03:29.000Z,2022-01-01T08:41:18.000Z,1641034974615
18,android,app_1,2022-01-01T11:05:01.000Z,2022-01-01T08:41:18.000Z,1641035087675
18,android,app_1,2022-01-01T11:06:49.000Z,2022-01-01T08:41:18.000Z,1641035186252
18,android,app_1,2022-01-01T11:14:18.000Z,2022-01-01T08:41:18.000Z,1641035650622
18,android,app_1,2022-01-01T11:16:43.000Z,2022-01-01T08:41:18.000Z,1641035785477
18,android,app_1,2022-01-01T11:17:56.000Z,2022-01-01T08:41:18.000Z,1641035868339
18,android,app_1,2022-01-01T11:20:17.000Z,2022-01-01T08:41:18.000Z,1641035998529
18,android,app_1,2022-01-01T11:21:48.000Z,2022-01-01T08:41:18.000Z,1641036097426
18,android,app_1,2022-01-01T11:25:30.000Z,2022-01-01T08:41:18.000Z,1641036289346
18,android,app_1,2022-01-01T11:27:05.000Z,2022-01-01T08:41:18.000Z,1641036415686
18,android,app_1,2022-01-01T11:28:08.000Z,2022-01-01T08:41:18.000Z,1641036468053
18,android,app_1,2022-01-01T11:46:00.000Z,2022-01-01T08:41:18.000Z,1641037550483
18,android,app_1,2022-01-01T11:47:13.000Z,2022-01-01T08:41:18.000Z,1641037617400
18,android,app_1,2022-01-01T11:47:58.000Z,2022-01-01T08:41:18.000Z,1641037670004
18,android,app_1,2022-01-01T11:49:35.000Z,2022-01-01T08:41:18.000Z,1641037768699
18,android,app_1,2022-01-01T11:52:14.000Z,2022-01-01T08:41:18.000Z,1641037930136
18,android,app_1,2022-01-01T11:53:21.000Z,2022-01-01T08:41:18.000Z,1641037993231
18,android,app_1,2022-01-01T11:58:37.000Z,2022-01-01T08:41:18.000Z,1641038288041
18,android,app_1,2022-01-01T11:59:48.000Z,2022-01-01T08:41:18.000Z,1641038375973
18,android,app_1,2022-01-01T12:01:50.000Z,2022-01-01T08:41:18.000Z,1641038494015
18,android,app_1,2022-01-01T12:03:24.000Z,2022-01-01T08:41:18.000Z,1641038597307
18,android,app_1,2022-01-01T12:05:44.000Z,2022-01-01T08:41:18.000Z,1641038733904
18,android,app_1,2022-01-01T12:07:09.000Z,2022-01-01T08:41:18.000Z,1641038823277
18,android,app_1,2022-01-01T12:09:10.000Z,2022-01-01T08:41:18.000Z,1641038937306
18,android,app_1,2022-01-01T12:10:27.000Z,2022-01-01T08:41:18.000Z,1641039019371
18,android,app_1,2022-01-01T12:13:33.000Z,2022-01-01T08:41:18.000Z,1641039182636
18,android,app_1,2022-01-01T12:15:14.000Z,2022-01-01T08:41:18.000Z,1641039305062
18,android,app_1,2022-01-01T12:16:40.000Z,2022-01-01T08:41:18.000Z,1641039392945
18,android,app_1,2022-01-01T12:18:00.000Z,2022-01-01T08:41:18.000Z,1641039473227
18,android,app_1,2022-01-01T12:20:15.000Z,2022-01-01T08:41:18.000Z,1641039600543
18,android,app_1,2022-01-01T12:22:48.000Z,2022-01-01T08:41:18.000Z,1641039767308
18,android,app_1,2022-01-01T12:23:53.000Z,2022-01-01T08:41:18.000Z,1641039826148
18,android,app_1,2022-01-01T12:25:53.000Z,2022-01-01T08:41:18.000Z,1641039946677
18,android,app_1,2022-01-01T15:28:07.000Z,2022-01-01T08:41:18.000Z,1641050885660
18,android,app_1,2022-01-01T15:33:48.000Z,2022-01-01T08:41:18.000Z,1641051003416
18,android,app_1,2022-01-01T15:38:40.000Z,2022-01-01T08:41:18.000Z,1641051488700
18,android,app_1,2022-01-01T15:40:26.000Z,2022-01-01T08:41:18.000Z,1641051612377
18,android,app_1,2022-01-01T15:42:07.000Z,2022-01-01T08:41:18.000Z,1641051695266
18,android,app_1,2022-01-01T15:43:06.000Z,2022-01-01T08:41:18.000Z,1641051765264
18,android,app_1,2022-01-01T15:44:05.000Z,2022-01-01T08:41:18.000Z,1641051832696
18,android,app_1,2022-01-01T15:44:55.000Z,2022-01-01T08:41:18.000Z,1641051891436
18,android,app_1,2022-01-02T05:32:20.000Z,2022-01-01T08:41:18.000Z,1641101538881
18,android,app_1,2022-01-02T05:33:30.000Z,2022-01-01T08:41:18.000Z,1641101601020
18,android,app_1,2022-01-02T05:35:33.000Z,2022-01-01T08:41:18.000Z,1641101721039
18,android,app_1,2022-01-02T05:39:50.000Z,2022-01-01T08:41:18.000Z,1641101973675
18,android,app_1,2022-01-02T05:41:25.000Z,2022-01-01T08:41:18.000Z,1641102076670
18,android,app_1,2022-01-02T05:43:22.000Z,2022-01-01T08:41:18.000Z,1641102195492
18,android,app_1,2022-01-02T05:47:31.000Z,2022-01-01T08:41:18.000Z,1641102390483
18,android,app_1,2022-01-02T05:49:27.000Z,2022-01-01T08:41:18.000Z,1641102556509
18,android,app_1,2022-01-02T05:50:34.000Z,2022-01-01T08:41:18.000Z,1641102619974
18,android,app_1,2022-01-02T05:52:32.000Z,2022-01-01T08:41:18.000Z,1641102741041
18,android,app_1,2022-01-02T06:14:05.000Z,2022-01-01T08:41:18.000Z,1641104044033
18,android,app_1,2022-01-02T06:15:55.000Z,2022-01-01T08:41:18.000Z,1641104130170
18,android,app_1,2022-01-02T06:17:24.000Z,2022-01-01T08:41:18.000Z,1641104226320
18,android,app_1,2022-01-02T06:20:03.000Z,2022-01-01T08:41:18.000Z,1641104390865
18,android,app_1,2022-01-02T06:21:30.000Z,2022-01-01T08:41:18.000Z,1641104478771
18,android,app_1,2022-01-02T07:40:10.000Z,2022-01-01T08:41:18.000Z,1641109209393
18,android,app_1,2022-01-02T07:42:09.000Z,2022-01-01T08:41:18.000Z,1641109319511
18,android,app_1,2022-01-02T07:49:11.000Z,2022-01-01T08:41:18.000Z,1641109715346
18,android,app_1,2022-01-02T07:50:51.000Z,2022-01-01T08:41:18.000Z,1641109843582
18,android,app_1,2022-01-02T07:52:08.000Z,2022-01-01T08:41:18.000Z,1641109924289
18,android,app_1,2022-01-02T07:53:53.000Z,2022-01-01T08:41:18.000Z,1641110025959
18,android,app_1,2022-01-02T10:31:19.000Z,2022-01-01T08:41:18.000Z,1641119478685
18,android,app_1,2022-01-02T10:32:43.000Z,2022-01-01T08:41:18.000Z,1641119555926
18,android,app_1,2022-01-02T10:33:48.000Z,2022-01-01T08:41:18.000Z,1641119582341
18,android,app_1,2022-01-02T10:34:54.000Z,2022-01-01T08:41:18.000Z,1641119687821
18,android,app_1,2022-01-02T10:36:46.000Z,2022-01-01T08:41:18.000Z,1641119792652
18,android,app_1,2022-01-02T10:38:06.000Z,2022-01-01T08:41:18.000Z,1641119866001
18,android,app_1,2022-01-02T10:38:47.000Z,2022-01-01T08:41:18.000Z,1641119922796
18,android,app_1,2022-01-02T10:41:39.000Z,2022-01-01T08:41:18.000Z,1641120074474
18,android,app_1,2022-01-02T10:45:26.000Z,2022-01-01T08:41:18.000Z,1641120281116
18,android,app_1,2022-01-02T10:47:47.000Z,2022-01-01T08:41:18.000Z,1641120460260
18,android,app_1,2022-01-02T10:49:22.000Z,2022-01-01T08:41:18.000Z,1641120554605
18,android,app_1,2022-01-02T13:02:44.000Z,2022-01-01T08:41:18.000Z,1641128563271
18,android,app_1,2022-01-02T13:04:16.000Z,2022-01-01T08:41:18.000Z,1641128649295
18,android,app_1,2022-01-02T13:52:40.000Z,2022-01-01T08:41:18.000Z,1641131499109
18,android,app_1,2022-01-02T13:53:36.000Z,2022-01-01T08:41:18.000Z,1641131606234
18,android,app_1,2022-01-02T13:54:23.000Z,2022-01-01T08:41:18.000Z,1641131641049
18,android,app_1,2022-01-02T13:56:06.000Z,2022-01-01T08:41:18.000Z,1641131758866
18,android,app_1,2022-01-02T13:57:37.000Z,2022-01-01T08:41:18.000Z,1641131846975
18,android,app_1,2022-01-02T13:59:21.000Z,2022-01-01T08:41:18.000Z,1641131943259
18,android,app_1,2022-01-02T13:59:49.000Z,2022-01-01T08:41:18.000Z,1641131985269
18,android,app_1,2022-01-02T14:02:06.000Z,2022-01-01T08:41:18.000Z,1641132120257
18,android,app_1,2022-01-02T14:02:49.000Z,2022-01-01T08:41:18.000Z,1641132165451
18,android,app_1,2022-01-02T14:04:17.000Z,2022-01-01T08:41:18.000Z,1641132204378
18,android,app_1,2022-01-03T07:44:40.000Z,2022-01-01T08:41:18.000Z,1641195879666
18,android,app_1,2022-01-03T08:33:32.000Z,2022-01-01T08:41:18.000Z,1641198812262
18,android,app_1,2022-01-03T08:34:34.000Z,2022-01-01T08:41:18.000Z,1641198867786
18,android,app_1,2022-01-03T08:36:12.000Z,2022-01-01T08:41:18.000Z,1641198961576
18,android,app_1,2022-01-03T08:36:48.000Z,2022-01-01T08:41:18.000Z,1641199004862
18,android,app_1,2022-01-03T08:38:44.000Z,2022-01-01T08:41:18.000Z,1641199117037
18,android,app_1,2022-01-03T08:41:01.000Z,2022-01-01T08:41:18.000Z,1641199242773
18,android,app_1,2022-01-03T08:42:44.000Z,2022-01-01T08:41:18.000Z,1641199357507
18,android,app_1,2022-01-03T08:44:34.000Z,2022-01-01T08:41:18.000Z,1641199457619
18,android,app_1,2022-01-03T08:46:19.000Z,2022-01-01T08:41:18.000Z,1641199553542
18,android,app_1,2022-01-03T08:49:09.000Z,2022-01-01T08:41:18.000Z,1641199697785
18,android,app_1,2022-01-03T08:50:44.000Z,2022-01-01T08:41:18.000Z,1641199828998
18,android,app_1,2022-01-03T08:52:03.000Z,2022-01-01T08:41:18.000Z,1641199917680
18,android,app_1,2022-01-03T08:53:00.000Z,2022-01-01T08:41:18.000Z,1641199965328
18,android,app_1,2022-01-03T08:54:12.000Z,2022-01-01T08:41:18.000Z,1641200041995
18,android,app_1,2022-01-03T09:31:14.000Z,2022-01-01T08:41:18.000Z,1641202273842
18,android,app_1,2022-01-03T09:33:08.000Z,2022-01-01T08:41:18.000Z,1641202383573
18,android,app_1,2022-01-03T09:35:09.000Z,2022-01-01T08:41:18.000Z,1641202502242
18,android,app_1,2022-01-03T09:36:41.000Z,2022-01-01T08:41:18.000Z,1641202591587
18,android,app_1,2022-01-03T09:38:17.000Z,2022-01-01T08:41:18.000Z,1641202682400
18,android,app_1,2022-01-03T09:43:07.000Z,2022-01-01T08:41:18.000Z,1641202958112
18,android,app_1,2022-01-03T17:39:40.000Z,2022-01-01T08:41:18.000Z,1641231580173
18,android,app_1,2022-01-03T17:41:38.000Z,2022-01-01T08:41:18.000Z,1641231686076
18,android,app_1,2022-01-03T17:43:57.000Z,2022-01-01T08:41:18.000Z,1641231803651
18,android,app_1,2022-01-03T17:44:36.000Z,2022-01-01T08:41:18.000Z,1641231861094
18,android,app_1,2022-01-03T17:47:30.000Z,2022-01-01T08:41:18.000Z,1641232007897
18,android,app_1,2022-01-03T17:49:13.000Z,2022-01-01T08:41:18.000Z,1641232140850
18,android,app_1,2022-01-03T17:51:13.000Z,2022-01-01T08:41:18.000Z,1641232268535
18,android,app_1,2022-01-04T11:00:45.000Z,2022-01-01T08:41:18.000Z,1641294045885
18,android,app_1,2022-01-04T11:01:50.000Z,2022-01-01T08:41:18.000Z,1641294101431
18,android,app_1,2022-01-04T11:03:54.000Z,2022-01-01T08:41:18.000Z,1641294188490
18,android,app_1,2022-01-04T11:06:22.000Z,2022-01-01T08:41:18.000Z,1641294364910
18,android,app_1,2022-01-04T11:08:05.000Z,2022-01-01T08:41:18.000Z,1641294476631
18,android,app_1,2022-01-04T11:09:23.000Z,2022-01-01T08:41:18.000Z,1641294553431
18,android,app_1,2022-01-05T08:51:01.000Z,2022-01-01T08:41:18.000Z,1641372659469
18,android,app_1,2022-01-05T08:52:38.000Z,2022-01-01T08:41:18.000Z,1641372752478
18,android,app_1,2022-01-05T08:53:32.000Z,2022-01-01T08:41:18.000Z,1641372806644
18,android,app_1,2022-01-05T08:55:01.000Z,2022-01-01T08:41:18.000Z,1641372892622
18,android,app_1,2022-01-05T08:56:32.000Z,2022-01-01T08:41:18.000Z,1641372983884
18,android,app_1,2022-01-05T08:59:59.000Z,2022-01-01T08:41:18.000Z,1641373152916
18,android,app_1,2022-01-05T09:01:43.000Z,2022-01-01T08:41:18.000Z,1641373290968
18,android,app_1,2022-01-05T11:34:45.000Z,2022-01-01T08:41:18.000Z,1641382483955
18,android,app_1,2022-01-05T11:36:06.000Z,2022-01-01T08:41:18.000Z,1641382558034
18,android,app_1,2022-01-05T11:37:30.000Z,2022-01-01T08:41:18.000Z,1641382641479
18,android,app_1,2022-01-05T11:38:50.000Z,2022-01-01T08:41:18.000Z,1641382713738
18,android,app_1,2022-01-05T11:45:24.000Z,2022-01-01T08:41:18.000Z,1641383111341
18,android,app_1,2022-01-05T11:59:56.000Z,2022-01-01T08:41:18.000Z,1641383975061
18,android,app_1,2022-01-05T12:14:48.000Z,2022-01-01T08:41:18.000Z,1641384875047
18,android,app_1,2022-01-05T16:11:17.000Z,2022-01-01T08:41:18.000Z,1641399075536
18,android,app_1,2022-01-05T16:12:21.000Z,2022-01-01T08:41:18.000Z,1641399133273
18,android,app_1,2022-01-05T16:13:31.000Z,2022-01-01T08:41:18.000Z,1641399202883
18,android,app_1,2022-01-05T16:14:32.000Z,2022-01-01T08:41:18.000Z,1641399263171
18,android,app_1,2022-01-05T16:15:41.000Z,2022-01-01T08:41:18.000Z,1641399335307
18,android,app_1,2022-01-05T16:17:02.000Z,2022-01-01T08:41:18.000Z,1641399413139
18,android,app_1,2022-01-05T16:17:59.000Z,2022-01-01T08:41:18.000Z,1641399473931
18,android,app_1,2022-01-05T16:18:43.000Z,2022-01-01T08:41:18.000Z,1641399507308
18,android,app_1,2022-01-05T16:19:31.000Z,2022-01-01T08:41:18.000Z,1641399562478
18,android,app_1,2022-01-05T16:20:31.000Z,2022-01-01T08:41:18.000Z,1641399621670
18,android,app_1,2022-01-05T16:22:40.000Z,2022-01-01T08:41:18.000Z,1641399742342
18,android,app_1,2022-01-05T16:23:48.000Z,2022-01-01T08:41:18.000Z,1641399818860
18,android,app_1,2022-01-05T16:24:53.000Z,2022-01-01T08:41:18.000Z,1641399884387
18,android,app_1,2022-01-05T16:25:35.000Z,2022-01-01T08:41:18.000Z,1641399931792
18,android,app_1,2022-01-05T16:27:00.000Z,2022-01-01T08:41:18.000Z,1641400012506
18,android,app_1,2022-01-05T16:28:09.000Z,2022-01-01T08:41:18.000Z,1641400079563
18,android,app_1,2022-01-05T16:28:54.000Z,2022-01-01T08:41:18.000Z,1641400130147
18,android,app_1,2022-01-05T16:30:15.000Z,2022-01-01T08:41:18.000Z,1641400203727
18,android,app_1,2022-01-05T16:31:55.000Z,2022-01-01T08:41:18.000Z,1641400305001
18,android,app_1,2022-01-05T16:33:06.000Z,2022-01-01T08:41:18.000Z,1641400377441
18,android,app_1,2022-01-05T16:34:40.000Z,2022-01-01T08:41:18.000Z,1641400467476
18,android,app_1,2022-01-05T16:36:21.000Z,2022-01-01T08:41:18.000Z,1641400570025
18,android,app_1,2022-01-05T16:37:33.000Z,2022-01-01T08:41:18.000Z,1641400648767
18,android,app_1,2022-01-07T12:00:51.000Z,2022-01-01T08:41:18.000Z,1641556850479
18,android,app_1,2022-01-07T12:03:13.000Z,2022-01-01T08:41:18.000Z,1641556969680
18,android,app_1,2022-01-07T12:04:24.000Z,2022-01-01T08:41:18.000Z,1641557051654
18,android,app_1,2022-01-07T12:05:07.000Z,2022-01-01T08:41:18.000Z,1641557098410
18,android,app_1,2022-01-07T12:05:56.000Z,2022-01-01T08:41:18.000Z,1641557148035
18,android,app_1,2022-01-07T12:08:34.000Z,2022-01-01T08:41:18.000Z,1641557303093
18,android,app_1,2022-01-07T12:09:52.000Z,2022-01-01T08:41:18.000Z,1641557376272
18,android,app_1,2022-01-07T12:10:31.000Z,2022-01-01T08:41:18.000Z,1641557427060
18,android,app_1,2022-01-07T12:11:41.000Z,2022-01-01T08:41:18.000Z,1641557489854
18,android,app_1,2022-01-07T12:13:01.000Z,2022-01-01T08:41:18.000Z,1641557564135
18,android,app_1,2022-01-07T12:14:15.000Z,2022-01-01T08:41:18.000Z,1641557643994
18,android,app_1,2022-01-07T12:16:29.000Z,2022-01-01T08:41:18.000Z,1641557767052
18,android,app_1,2022-01-07T12:19:18.000Z,2022-01-01T08:41:18.000Z,1641557927491
18,android,app_1,2022-01-07T12:20:57.000Z,2022-01-01T08:41:18.000Z,1641558043477
18,android,app_1,2022-01-07T12:23:02.000Z,2022-01-01T08:41:18.000Z,1641558172397
18,android,app_1,2022-01-07T12:24:35.000Z,2022-01-01T08:41:18.000Z,1641558255540
18,android,app_1,2022-01-07T12:25:29.000Z,2022-01-01T08:41:18.000Z,1641558315430
18,android,app_1,2022-01-07T12:27:00.000Z,2022-01-01T08:41:18.000Z,1641558410886
18,android,app_1,2022-01-07T16:48:56.000Z,2022-01-01T08:41:18.000Z,1641574135438
18,android,app_1,2022-01-07T16:50:15.000Z,2022-01-01T08:41:18.000Z,1641574201576
18,android,app_1,2022-01-07T16:52:52.000Z,2022-01-01T08:41:18.000Z,1641574353633
18,android,app_1,2022-01-07T16:53:41.000Z,2022-01-01T08:41:18.000Z,1641574410475
18,android,app_1,2022-01-07T16:55:21.000Z,2022-01-01T08:41:18.000Z,1641574512473
18,android,app_1,2022-01-07T17:07:19.000Z,2022-01-01T08:41:18.000Z,1641575220138
18,android,app_1,2022-01-07T17:08:22.000Z,2022-01-01T08:41:18.000Z,1641575289301
18,android,app_1,2022-01-07T17:10:35.000Z,2022-01-01T08:41:18.000Z,1641575426517
19,android,app_1,2022-01-01T21:08:09.000Z,2022-01-01T21:08:09.000Z,1641071279194
19,android,app_1,2022-01-01T21:10:11.000Z,2022-01-01T21:08:09.000Z,1641071366829
19,android,app_1,2022-01-01T21:17:17.000Z,2022-01-01T21:08:09.000Z,1641071817711
19,android,app_1,2022-01-01T21:18:54.000Z,2022-01-01T21:08:09.000Z,1641071922067
19,android,app_1,2022-01-02T12:26:01.000Z,2022-01-01T21:08:09.000Z,1641126122619
19,android,app_1,2022-01-02T18:32:58.000Z,2022-01-01T21:08:09.000Z,1641148218372
19,android,app_1,2022-01-02T19:11:01.000Z,2022-01-01T21:08:09.000Z,1641150658973
20,ios,app_1,2022-01-01T20:23:38.000Z,2022-01-01T20:23:38.000Z,1641068617497
20,ios,app_1,2022-01-01T20:23:44.000Z,2022-01-01T20:23:38.000Z,1641068620248
20,ios,app_1,2022-01-01T20:24:04.000Z,2022-01-01T20:23:38.000Z,1641068629084
20,ios,app_1,2022-01-01T20:26:37.000Z,2022-01-01T20:23:38.000Z,1641068775181
20,ios,app_1,2022-01-01T21:00:21.000Z,2022-01-01T20:23:38.000Z,1641070821369
21,android,app_1,2022-01-01T11:18:51.000Z,2022-01-01T11:18:51.000Z,1641035931451
22,android,app_1,2022-01-01T02:36:02.000Z,2022-01-01T02:36:02.000Z,1641005252495
22,android,app_1,2022-01-01T02:48:02.000Z,2022-01-01T02:36:02.000Z,1641005273704
22,android,app_1,2022-01-01T02:49:54.000Z,2022-01-01T02:36:02.000Z,1641005377900
22,android,app_1,2022-01-01T05:49:06.000Z,2022-01-01T02:36:02.000Z,1641016838195
22,android,app_1,2022-01-02T01:01:44.000Z,2022-01-01T02:36:02.000Z,1641085277677
23,ios,app_1,2022-01-01T21:18:53.000Z,2022-01-01T21:18:53.000Z,1641071933351
23,ios,app_1,2022-01-01T21:18:55.000Z,2022-01-01T21:18:53.000Z,1641071935073
23,ios,app_1,2022-01-01T21:19:10.000Z,2022-01-01T21:18:53.000Z,1641071937217
23,ios,app_1,2022-01-02T13:42:02.000Z,2022-01-01T21:18:53.000Z,1641130921412
23,ios,app_1,2022-01-02T15:49:02.000Z,2022-01-01T21:18:53.000Z,1641138541879
23,ios,app_1,2022-01-03T13:42:11.000Z,2022-01-01T21:18:53.000Z,1641217330367
23,ios,app_1,2022-01-04T13:34:31.000Z,2022-01-01T21:18:53.000Z,1641303270727
23,ios,app_1,2022-01-04T16:26:25.000Z,2022-01-01T21:18:53.000Z,1641313571022
23,ios,app_1,2022-01-05T22:05:09.000Z,2022-01-01T21:18:53.000Z,1641420308225
23,ios,app_1,2022-01-06T15:18:37.000Z,2022-01-01T21:18:53.000Z,1641482316456
23,ios,app_1,2022-01-07T12:37:33.000Z,2022-01-01T21:18:53.000Z,1641559052640
23,ios,app_1,2022-01-07T20:53:55.000Z,2022-01-01T21:18:53.000Z,1641588834736
24,ios,app_1,2022-01-01T07:39:08.000Z,2022-01-01T07:39:08.000Z,1641022747276
24,ios,app_1,2022-01-01T07:39:11.000Z,2022-01-01T07:39:08.000Z,1641022750030
24,ios,app_1,2022-01-01T07:39:29.000Z,2022-01-01T07:39:08.000Z,1641022758898
24,ios,app_1,2022-01-01T07:42:35.000Z,2022-01-01T07:39:08.000Z,1641022915975
24,ios,app_1,2022-01-01T10:25:54.000Z,2022-01-01T07:39:08.000Z,1641032753892
24,ios,app_1,2022-01-02T03:34:19.000Z,2022-01-01T07:39:08.000Z,1641094459104
24,ios,app_1,2022-01-02T03:35:32.000Z,2022-01-01T07:39:08.000Z,1641094485797
24,ios,app_1,2022-01-03T00:23:22.000Z,2022-01-01T07:39:08.000Z,1641169401575
24,ios,app_1,2022-01-03T12:51:41.000Z,2022-01-01T07:39:08.000Z,1641214300262
24,ios,app_1,2022-01-03T12:51:54.000Z,2022-01-01T07:39:08.000Z,1641214312138
24,ios,app_1,2022-01-03T12:52:17.000Z,2022-01-01T07:39:08.000Z,1641214336690
24,ios,app_1,2022-01-03T12:54:49.000Z,2022-01-01T07:39:08.000Z,1641214477963
24,ios,app_1,2022-01-03T12:55:52.000Z,2022-01-01T07:39:08.000Z,1641214539551
25,ios,app_1,2022-01-01T05:28:54.000Z,2022-01-01T05:28:54.000Z,1641014933320
25,ios,app_1,2022-01-01T05:29:24.000Z,2022-01-01T05:28:54.000Z,1641014963358
25,ios,app_1,2022-01-01T05:34:36.000Z,2022-01-01T05:28:54.000Z,1641015273134
25,ios,app_1,2022-01-01T05:40:23.000Z,2022-01-01T05:28:54.000Z,1641015616063
26,ios,app_1,2022-01-01T07:19:48.000Z,2022-01-01T07:19:48.000Z,1641021587604
26,ios,app_1,2022-01-01T07:20:08.000Z,2022-01-01T07:19:48.000Z,1641021589310
26,ios,app_1,2022-01-01T07:20:23.000Z,2022-01-01T07:19:48.000Z,1641021613319
27,ios,app_1,2022-01-01T03:38:36.000Z,2022-01-01T03:38:36.000Z,1641008315378
27,ios,app_1,2022-01-01T03:38:40.000Z,2022-01-01T03:38:36.000Z,1641008318791
27,ios,app_1,2022-01-01T03:38:56.000Z,2022-01-01T03:38:36.000Z,1641008321526
27,ios,app_1,2022-01-01T04:51:45.000Z,2022-01-01T03:38:36.000Z,1641012704633
27,ios,app_1,2022-01-01T05:58:50.000Z,2022-01-01T03:38:36.000Z,1641016729903
27,ios,app_1,2022-01-01T11:56:08.000Z,2022-01-01T03:38:36.000Z,1641038167654
27,ios,app_1,2022-01-01T12:34:26.000Z,2022-01-01T03:38:36.000Z,1641040465666
27,ios,app_1,2022-01-02T08:36:59.000Z,2022-01-01T03:38:36.000Z,1641112616456
27,ios,app_1,2022-01-02T10:01:17.000Z,2022-01-01T03:38:36.000Z,1641117676650
27,ios,app_1,2022-01-02T10:04:26.000Z,2022-01-01T03:38:36.000Z,1641117768334
27,ios,app_1,2022-01-02T10:06:37.000Z,2022-01-01T03:38:36.000Z,1641117997130
27,ios,app_1,2022-01-03T21:59:02.000Z,2022-01-01T03:38:36.000Z,1641247141531
27,ios,app_1,2022-01-04T09:42:51.000Z,2022-01-01T03:38:36.000Z,1641289371017
27,ios,app_1,2022-01-04T09:43:11.000Z,2022-01-01T03:38:36.000Z,1641289390633
27,ios,app_1,2022-01-05T02:15:43.000Z,2022-01-01T03:38:36.000Z,1641348931671
27,ios,app_1,2022-01-05T02:41:28.000Z,2022-01-01T03:38:36.000Z,1641350475517
27,ios,app_1,2022-01-05T13:10:46.000Z,2022-01-01T03:38:36.000Z,1641388233326
27,ios,app_1,2022-01-06T11:29:19.000Z,2022-01-01T03:38:36.000Z,1641468558918
27,ios,app_1,2022-01-06T21:54:08.000Z,2022-01-01T03:38:36.000Z,1641506047942
27,ios,app_1,2022-01-07T06:47:04.000Z,2022-01-01T03:38:36.000Z,1641538023613
27,ios,app_1,2022-01-07T12:01:22.000Z,2022-01-01T03:38:36.000Z,1641556881253
27,ios,app_1,2022-01-07T22:06:48.000Z,2022-01-01T03:38:36.000Z,1641593204990
27,ios,app_1,2022-01-07T22:07:06.000Z,2022-01-01T03:38:36.000Z,1641593222716
27,ios,app_1,2022-01-07T22:07:13.000Z,2022-01-01T03:38:36.000Z,1641593230675
28,android,app_1,2022-01-01T19:14:03.000Z,2022-01-01T19:14:03.000Z,1641064442598
29,android,app_1,2022-01-01T16:30:12.000Z,2022-01-01T16:30:12.000Z,1641054612101
29,android,app_1,2022-01-01T18:47:12.000Z,2022-01-01T16:30:12.000Z,1641062831592
29,android,app_1,2022-01-07T13:05:38.000Z,2022-01-01T16:30:12.000Z,1641560737369
30,android,app_1,2022-01-01T13:27:55.000Z,2022-01-01T13:27:55.000Z,1641043673401
31,ios,app_1,2022-01-01T07:16:35.000Z,2022-01-01T07:16:35.000Z,1641021394463
31,ios,app_1,2022-01-01T07:16:37.000Z,2022-01-01T07:16:35.000Z,1641021396381
31,ios,app_1,2022-01-01T07:16:53.000Z,2022-01-01T07:16:35.000Z,1641021398917
32,android,app_1,2022-01-01T05:06:44.000Z,2022-01-01T05:06:44.000Z,1641013603785
33,android,app_1,2022-01-01T22:34:55.000Z,2022-01-01T22:34:55.000Z,1641076494670
33,android,app_1,2022-01-01T22:35:52.000Z,2022-01-01T22:34:55.000Z,1641076542739
33,android,app_1,2022-01-01T22:36:46.000Z,2022-01-01T22:34:55.000Z,1641076599459
33,android,app_1,2022-01-01T22:38:24.000Z,2022-01-01T22:34:55.000Z,1641076697101
34,ios,app_1,2022-01-01T16:01:01.000Z,2022-01-01T16:01:01.000Z,1641052860768
34,ios,app_1,2022-01-01T16:01:07.000Z,2022-01-01T16:01:01.000Z,1641052862188
34,ios,app_1,2022-01-01T16:01:23.000Z,2022-01-01T16:01:01.000Z,1641052869374
35,android,app_1,2022-01-01T21:12:39.000Z,2022-01-01T21:12:39.000Z,1641071558512
35,android,app_1,2022-01-01T21:15:16.000Z,2022-01-01T21:12:39.000Z,1641071710179
35,android,app_1,2022-01-01T21:17:11.000Z,2022-01-01T21:12:39.000Z,1641071822155
35,android,app_1,2022-01-01T21:17:54.000Z,2022-01-01T21:12:39.000Z,1641071868438
35,android,app_1,2022-01-01T21:18:48.000Z,2022-01-01T21:12:39.000Z,1641071921468
35,android,app_1,2022-01-01T21:20:48.000Z,2022-01-01T21:12:39.000Z,1641072032184
35,android,app_1,2022-01-01T21:22:56.000Z,2022-01-01T21:12:39.000Z,1641072135092
35,android,app_1,2022-01-02T02:33:07.000Z,2022-01-01T21:12:39.000Z,1641090786504
35,android,app_1,2022-01-02T02:34:06.000Z,2022-01-01T21:12:39.000Z,1641090835515
35,android,app_1,2022-01-02T02:35:27.000Z,2022-01-01T21:12:39.000Z,1641090918229
35,android,app_1,2022-01-02T02:36:03.000Z,2022-01-01T21:12:39.000Z,1641090956873
35,android,app_1,2022-01-02T02:37:47.000Z,2022-01-01T21:12:39.000Z,1641091063437
36,android,app_1,2022-01-01T17:37:52.000Z,2022-01-01T17:37:52.000Z,1641058669650
36,android,app_1,2022-01-01T17:39:26.000Z,2022-01-01T17:37:52.000Z,1641058754382
36,android,app_1,2022-01-01T17:40:15.000Z,2022-01-01T17:37:52.000Z,1641058807463
36,android,app_1,2022-01-01T22:21:22.000Z,2022-01-01T17:37:52.000Z,1641075677418
36,android,app_1,2022-01-02T00:25:04.000Z,2022-01-01T17:37:52.000Z,1641083088657
36,android,app_1,2022-01-02T23:18:00.000Z,2022-01-01T17:37:52.000Z,1641165476771
36,android,app_1,2022-01-02T23:24:54.000Z,2022-01-01T17:37:52.000Z,1641165891675
36,android,app_1,2022-01-03T14:59:22.000Z,2022-01-01T17:37:52.000Z,1641221940462
36,android,app_1,2022-01-03T15:11:06.000Z,2022-01-01T17:37:52.000Z,1641222647448
36,android,app_1,2022-01-03T15:12:23.000Z,2022-01-01T17:37:52.000Z,1641222741761
37,android,app_1,2022-01-01T14:47:12.000Z,2022-01-01T14:47:12.000Z,1641048430560
37,android,app_1,2022-01-01T14:52:11.000Z,2022-01-01T14:47:12.000Z,1641048726882
37,android,app_1,2022-01-01T14:54:17.000Z,2022-01-01T14:47:12.000Z,1641048837023
38,android,app_1,2022-01-01T12:59:13.000Z,2022-01-01T12:59:13.000Z,1641041957099
38,android,app_1,2022-01-01T13:00:00.000Z,2022-01-01T12:59:13.000Z,1641041992055
38,android,app_1,2022-01-01T13:01:39.000Z,2022-01-01T12:59:13.000Z,1641042088376
38,android,app_1,2022-01-01T14:31:52.000Z,2022-01-01T12:59:13.000Z,1641047516081
38,android,app_1,2022-01-01T14:33:27.000Z,2022-01-01T12:59:13.000Z,1641047582489
39,ios,app_1,2022-01-02T22:52:01.000Z,2022-01-02T22:52:01.000Z,1641163920356
39,ios,app_1,2022-01-02T22:52:04.000Z,2022-01-02T22:52:01.000Z,1641163923643
39,ios,app_1,2022-01-02T22:52:23.000Z,2022-01-02T22:52:01.000Z,1641163929134
39,ios,app_1,2022-01-02T23:06:02.000Z,2022-01-02T22:52:01.000Z,1641164748112
39,ios,app_1,2022-01-03T02:50:43.000Z,2022-01-02T22:52:01.000Z,1641178243307
39,ios,app_1,2022-01-03T23:54:07.000Z,2022-01-02T22:52:01.000Z,1641254046478
39,ios,app_1,2022-01-04T13:22:33.000Z,2022-01-02T22:52:01.000Z,1641302552858
39,ios,app_1,2022-01-06T17:18:58.000Z,2022-01-02T22:52:01.000Z,1641489537740
39,ios,app_1,2022-01-06T19:56:01.000Z,2022-01-02T22:52:01.000Z,1641498960525
39,ios,app_1,2022-01-07T01:45:56.000Z,2022-01-02T22:52:01.000Z,1641519955246
39,ios,app_1,2022-01-07T15:33:42.000Z,2022-01-02T22:52:01.000Z,1641569621555
39,ios,app_1,2022-01-07T20:04:08.000Z,2022-01-02T22:52:01.000Z,1641585848013
40,ios,app_1,2022-01-02T03:21:53.000Z,2022-01-02T03:21:53.000Z,1641093712499
40,ios,app_1,2022-01-02T03:21:56.000Z,2022-01-02T03:21:53.000Z,1641093714995
40,ios,app_1,2022-01-02T03:22:11.000Z,2022-01-02T03:21:53.000Z,1641093718761
41,ios,app_1,2022-01-02T05:57:58.000Z,2022-01-02T05:57:58.000Z,1641103077417
41,ios,app_1,2022-01-02T05:58:07.000Z,2022-01-02T05:57:58.000Z,1641103082788
41,ios,app_1,2022-01-03T00:31:00.000Z,2022-01-02T05:57:58.000Z,1641169857855
41,ios,app_1,2022-01-03T05:07:16.000Z,2022-01-02T05:57:58.000Z,1641186436089
41,ios,app_1,2022-01-03T05:10:17.000Z,2022-01-02T05:57:58.000Z,1641186569288
41,ios,app_1,2022-01-03T05:14:58.000Z,2022-01-02T05:57:58.000Z,1641186840763
41,ios,app_1,2022-01-03T05:17:22.000Z,2022-01-02T05:57:58.000Z,1641187039404
41,ios,app_1,2022-01-03T05:18:44.000Z,2022-01-02T05:57:58.000Z,1641187074400
41,ios,app_1,2022-01-03T05:21:18.000Z,2022-01-02T05:57:58.000Z,1641187278096
41,ios,app_1,2022-01-03T05:21:28.000Z,2022-01-02T05:57:58.000Z,1641187280283
42,ios,app_1,2022-01-02T15:21:58.000Z,2022-01-02T15:21:58.000Z,1641136917195
42,ios,app_1,2022-01-02T15:22:04.000Z,2022-01-02T15:21:58.000Z,1641136922745
42,ios,app_1,2022-01-02T15:22:32.000Z,2022-01-02T15:21:58.000Z,1641136925555
42,ios,app_1,2022-01-02T15:26:39.000Z,2022-01-02T15:21:58.000Z,1641137192611
42,ios,app_1,2022-01-02T15:40:46.000Z,2022-01-02T15:21:58.000Z,1641138038898
42,ios,app_1,2022-01-02T15:44:36.000Z,2022-01-02T15:21:58.000Z,1641138246070
42,ios,app_1,2022-01-02T16:21:54.000Z,2022-01-02T15:21:58.000Z,1641140514245
42,ios,app_1,2022-01-03T08:39:10.000Z,2022-01-02T15:21:58.000Z,1641199149816
42,ios,app_1,2022-01-04T11:07:26.000Z,2022-01-02T15:21:58.000Z,1641294445486
42,ios,app_1,2022-01-04T11:29:39.000Z,2022-01-02T15:21:58.000Z,1641295772635
42,ios,app_1,2022-01-04T11:49:22.000Z,2022-01-02T15:21:58.000Z,1641296959952
42,ios,app_1,2022-01-04T11:51:58.000Z,2022-01-02T15:21:58.000Z,1641297060740
42,ios,app_1,2022-01-04T11:56:52.000Z,2022-01-02T15:21:58.000Z,1641297383275
42,ios,app_1,2022-01-04T11:58:39.000Z,2022-01-02T15:21:58.000Z,1641297477006
42,ios,app_1,2022-01-04T12:11:50.000Z,2022-01-02T15:21:58.000Z,1641298309194
42,ios,app_1,2022-01-04T14:58:44.000Z,2022-01-02T15:21:58.000Z,1641308323461
42,ios,app_1,2022-01-04T15:15:21.000Z,2022-01-02T15:21:58.000Z,1641309310202
42,ios,app_1,2022-01-04T15:20:31.000Z,2022-01-02T15:21:58.000Z,1641309617862
42,ios,app_1,2022-01-04T15:25:02.000Z,2022-01-02T15:21:58.000Z,1641309896665
42,ios,app_1,2022-01-05T19:59:53.000Z,2022-01-02T15:21:58.000Z,1641412792743
42,ios,app_1,2022-01-05T20:16:42.000Z,2022-01-02T15:21:58.000Z,1641413794111
42,ios,app_1,2022-01-05T20:25:26.000Z,2022-01-02T15:21:58.000Z,1641414321179
42,ios,app_1,2022-01-07T09:39:47.000Z,2022-01-02T15:21:58.000Z,1641548386783
43,android,app_1,2022-01-02T22:29:37.000Z,2022-01-02T22:29:37.000Z,1641162571773
43,android,app_1,2022-01-02T22:30:45.000Z,2022-01-02T22:29:37.000Z,1641162637392
44,android,app_1,2022-01-02T22:06:14.000Z,2022-01-02T22:06:14.000Z,1641161165115
44,android,app_1,2022-01-02T22:08:20.000Z,2022-01-02T22:06:14.000Z,1641161291013
44,android,app_1,2022-01-02T22:09:26.000Z,2022-01-02T22:06:14.000Z,1641161363205
44,android,app_1,2022-01-02T22:11:03.000Z,2022-01-02T22:06:14.000Z,1641161461437
44,android,app_1,2022-01-02T22:13:20.000Z,2022-01-02T22:06:14.000Z,1641161586196
45,android,app_1,2022-01-02T22:18:51.000Z,2022-01-02T22:18:51.000Z,1641161858449
45,android,app_1,2022-01-03T23:10:46.000Z,2022-01-02T22:18:51.000Z,1641251443161
46,android,app_1,2022-01-02T03:10:00.000Z,2022-01-02T03:10:00.000Z,1641092998379
46,android,app_1,2022-01-02T03:10:51.000Z,2022-01-02T03:10:00.000Z,1641093045270
46,android,app_1,2022-01-02T22:34:37.000Z,2022-01-02T03:10:00.000Z,1641162876515
46,android,app_1,2022-01-02T22:35:31.000Z,2022-01-02T03:10:00.000Z,1641162925323
46,android,app_1,2022-01-02T22:36:33.000Z,2022-01-02T03:10:00.000Z,1641162988982
47,android,app_1,2022-01-02T16:24:21.000Z,2022-01-02T16:24:21.000Z,1641140660480
47,android,app_1,2022-01-02T16:25:35.000Z,2022-01-02T16:24:21.000Z,1641140729143
47,android,app_1,2022-01-02T16:27:01.000Z,2022-01-02T16:24:21.000Z,1641140814020
47,android,app_1,2022-01-02T16:29:46.000Z,2022-01-02T16:24:21.000Z,1641140974179
47,android,app_1,2022-01-03T15:14:46.000Z,2022-01-02T16:24:21.000Z,1641222690502
48,ios,app_1,2022-01-02T00:05:51.000Z,2022-01-02T00:05:51.000Z,1641081951332
48,ios,app_1,2022-01-02T00:05:55.000Z,2022-01-02T00:05:51.000Z,1641081953575
49,ios,app_1,2022-01-02T03:51:36.000Z,2022-01-02T03:51:36.000Z,1641095495869
49,ios,app_1,2022-01-02T03:51:40.000Z,2022-01-02T03:51:36.000Z,1641095498927
49,ios,app_1,2022-01-02T03:51:56.000Z,2022-01-02T03:51:36.000Z,1641095503393
49,ios,app_1,2022-01-02T03:56:40.000Z,2022-01-02T03:51:36.000Z,1641095800350
49,ios,app_1,2022-01-02T03:57:05.000Z,2022-01-02T03:51:36.000Z,1641095814666
49,ios,app_1,2022-01-05T21:49:45.000Z,2022-01-02T03:51:36.000Z,1641419385242
50,ios,app_1,2022-01-02T08:05:02.000Z,2022-01-02T08:05:02.000Z,1641110701870
50,ios,app_1,2022-01-02T08:05:04.000Z,2022-01-02T08:05:02.000Z,1641110703736
50,ios,app_1,2022-01-02T08:05:19.000Z,2022-01-02T08:05:02.000Z,1641110706140
50,ios,app_1,2022-01-02T08:11:31.000Z,2022-01-02T08:05:02.000Z,1641111091506
51,ios,app_1,2022-01-02T06:02:16.000Z,2022-01-02T06:02:16.000Z,1641103335744
51,ios,app_1,2022-01-02T06:02:32.000Z,2022-01-02T06:02:16.000Z,1641103350961
51,ios,app_1,2022-01-02T06:02:49.000Z,2022-01-02T06:02:16.000Z,1641103356616
51,ios,app_1,2022-01-02T06:12:03.000Z,2022-01-02T06:02:16.000Z,1641103922993
51,ios,app_1,2022-01-02T06:12:34.000Z,2022-01-02T06:02:16.000Z,1641103951243
52,ios,app_1,2022-01-02T18:37:26.000Z,2022-01-02T18:37:26.000Z,1641148645898
52,ios,app_1,2022-01-02T18:37:28.000Z,2022-01-02T18:37:26.000Z,1641148647408
52,ios,app_1,2022-01-02T19:59:57.000Z,2022-01-02T18:37:26.000Z,1641153596869
53,ios,app_1,2022-01-02T17:44:42.000Z,2022-01-02T17:44:42.000Z,1641145482471
53,ios,app_1,2022-01-02T20:23:27.000Z,2022-01-02T17:44:42.000Z,1641155007655
53,ios,app_1,2022-01-02T20:25:02.000Z,2022-01-02T17:44:42.000Z,1641155102144
53,ios,app_1,2022-01-02T20:25:54.000Z,2022-01-02T17:44:42.000Z,1641155154156
54,ios,app_1,2022-01-02T20:06:10.000Z,2022-01-02T20:06:10.000Z,1641153969131
54,ios,app_1,2022-01-02T20:06:13.000Z,2022-01-02T20:06:10.000Z,1641153972079
54,ios,app_1,2022-01-02T20:09:57.000Z,2022-01-02T20:06:10.000Z,1641154144641
54,ios,app_1,2022-01-02T20:12:33.000Z,2022-01-02T20:06:10.000Z,1641154332715
54,ios,app_1,2022-01-02T20:13:27.000Z,2022-01-02T20:06:10.000Z,1641154382042
54,ios,app_1,2022-01-02T20:14:45.000Z,2022-01-02T20:06:10.000Z,1641154451544
54,ios,app_1,2022-01-02T20:15:59.000Z,2022-01-02T20:06:10.000Z,1641154520003
54,ios,app_1,2022-01-02T20:17:31.000Z,2022-01-02T20:06:10.000Z,1641154583107
54,ios,app_1,2022-01-02T21:11:54.000Z,2022-01-02T20:06:10.000Z,1641157912936
54,ios,app_1,2022-01-03T06:45:38.000Z,2022-01-02T20:06:10.000Z,1641192337867
54,ios,app_1,2022-01-03T07:11:29.000Z,2022-01-02T20:06:10.000Z,1641193888425
54,ios,app_1,2022-01-03T08:01:54.000Z,2022-01-02T20:06:10.000Z,1641196913252
54,ios,app_1,2022-01-03T08:06:01.000Z,2022-01-02T20:06:10.000Z,1641197132439
54,ios,app_1,2022-01-03T08:07:17.000Z,2022-01-02T20:06:10.000Z,1641197236647
54,ios,app_1,2022-01-03T08:12:10.000Z,2022-01-02T20:06:10.000Z,1641197473119
54,ios,app_1,2022-01-03T08:39:12.000Z,2022-01-02T20:06:10.000Z,1641199126345
54,ios,app_1,2022-01-03T09:26:43.000Z,2022-01-02T20:06:10.000Z,1641202001808
54,ios,app_1,2022-01-03T09:26:51.000Z,2022-01-02T20:06:10.000Z,1641202008197
54,ios,app_1,2022-01-03T13:31:51.000Z,2022-01-02T20:06:10.000Z,1641216710819
54,ios,app_1,2022-01-03T13:32:22.000Z,2022-01-02T20:06:10.000Z,1641216737737
54,ios,app_1,2022-01-03T13:35:13.000Z,2022-01-02T20:06:10.000Z,1641216898433
54,ios,app_1,2022-01-03T13:37:54.000Z,2022-01-02T20:06:10.000Z,1641217073849
54,ios,app_1,2022-01-03T13:38:39.000Z,2022-01-02T20:06:10.000Z,1641217118180
54,ios,app_1,2022-01-03T13:41:13.000Z,2022-01-02T20:06:10.000Z,1641217265316
54,ios,app_1,2022-01-03T14:02:16.000Z,2022-01-02T20:06:10.000Z,1641218535574
54,ios,app_1,2022-01-03T14:05:05.000Z,2022-01-02T20:06:10.000Z,1641218702119
54,ios,app_1,2022-01-03T14:07:09.000Z,2022-01-02T20:06:10.000Z,1641218821067
54,ios,app_1,2022-01-03T14:07:59.000Z,2022-01-02T20:06:10.000Z,1641218854911
54,ios,app_1,2022-01-03T18:59:19.000Z,2022-01-02T20:06:10.000Z,1641236358080
54,ios,app_1,2022-01-03T18:59:29.000Z,2022-01-02T20:06:10.000Z,1641236369430
54,ios,app_1,2022-01-04T16:40:48.000Z,2022-01-02T20:06:10.000Z,1641314446990
54,ios,app_1,2022-01-04T16:42:30.000Z,2022-01-02T20:06:10.000Z,1641314507321
54,ios,app_1,2022-01-04T17:50:14.000Z,2022-01-02T20:06:10.000Z,1641318612905
54,ios,app_1,2022-01-04T18:08:44.000Z,2022-01-02T20:06:10.000Z,1641319706677
54,ios,app_1,2022-01-04T18:09:19.000Z,2022-01-02T20:06:10.000Z,1641319727662
54,ios,app_1,2022-01-04T18:12:59.000Z,2022-01-02T20:06:10.000Z,1641319970041
54,ios,app_1,2022-01-04T18:14:16.000Z,2022-01-02T20:06:10.000Z,1641320048115
54,ios,app_1,2022-01-04T18:45:07.000Z,2022-01-02T20:06:10.000Z,1641321906642
54,ios,app_1,2022-01-04T18:47:31.000Z,2022-01-02T20:06:10.000Z,1641322039843
54,ios,app_1,2022-01-04T18:48:50.000Z,2022-01-02T20:06:10.000Z,1641322121858
54,ios,app_1,2022-01-05T09:56:03.000Z,2022-01-02T20:06:10.000Z,1641376562404
54,ios,app_1,2022-01-05T16:12:52.000Z,2022-01-02T20:06:10.000Z,1641399171533
54,ios,app_1,2022-01-05T16:13:07.000Z,2022-01-02T20:06:10.000Z,1641399176040
54,ios,app_1,2022-01-05T16:15:50.000Z,2022-01-02T20:06:10.000Z,1641399294127
54,ios,app_1,2022-01-05T16:16:05.000Z,2022-01-02T20:06:10.000Z,1641399365177
54,ios,app_1,2022-01-05T16:19:32.000Z,2022-01-02T20:06:10.000Z,1641399560422
54,ios,app_1,2022-01-05T19:58:06.000Z,2022-01-02T20:06:10.000Z,1641412685199
54,ios,app_1,2022-01-05T19:58:16.000Z,2022-01-02T20:06:10.000Z,1641412695123
54,ios,app_1,2022-01-06T16:34:59.000Z,2022-01-02T20:06:10.000Z,1641486898158
55,android,app_1,2022-01-02T18:31:51.000Z,2022-01-02T18:31:51.000Z,1641148309835
56,ios,app_1,2022-01-02T06:21:40.000Z,2022-01-02T06:21:40.000Z,1641104498514
56,ios,app_1,2022-01-02T06:21:42.000Z,2022-01-02T06:21:40.000Z,1641104500703
56,ios,app_1,2022-01-02T06:21:59.000Z,2022-01-02T06:21:40.000Z,1641104506063
56,ios,app_1,2022-01-02T06:22:40.000Z,2022-01-02T06:21:40.000Z,1641104524662
56,ios,app_1,2022-01-02T06:54:54.000Z,2022-01-02T06:21:40.000Z,1641106480677
56,ios,app_1,2022-01-02T07:09:33.000Z,2022-01-02T06:21:40.000Z,1641107372783
56,ios,app_1,2022-01-02T08:12:24.000Z,2022-01-02T06:21:40.000Z,1641111143148
56,ios,app_1,2022-01-02T08:12:44.000Z,2022-01-02T06:21:40.000Z,1641111163694
57,android,app_1,2022-01-02T21:11:09.000Z,2022-01-02T21:11:09.000Z,1641157865615
57,android,app_1,2022-01-02T21:12:38.000Z,2022-01-02T21:11:09.000Z,1641157947842
57,android,app_1,2022-01-02T21:13:38.000Z,2022-01-02T21:11:09.000Z,1641158011238
57,android,app_1,2022-01-02T21:15:40.000Z,2022-01-02T21:11:09.000Z,1641158137075
57,android,app_1,2022-01-02T23:54:56.000Z,2022-01-02T21:11:09.000Z,1641167677665
58,android,app_1,2022-01-02T18:32:22.000Z,2022-01-02T18:32:22.000Z,1641148340770
59,android,app_1,2022-01-02T06:12:19.000Z,2022-01-02T06:12:19.000Z,1641103937200
60,android,app_1,2022-01-02T06:09:24.000Z,2022-01-02T06:09:24.000Z,1641103715272
60,android,app_1,2022-01-02T06:09:40.000Z,2022-01-02T06:09:24.000Z,1641103740859
60,android,app_1,2022-01-02T12:28:03.000Z,2022-01-02T06:09:24.000Z,1641126479410
60,android,app_1,2022-01-02T12:55:51.000Z,2022-01-02T06:09:24.000Z,1641128102285
60,android,app_1,2022-01-02T12:59:06.000Z,2022-01-02T06:09:24.000Z,1641128329084
60,android,app_1,2022-01-02T14:04:47.000Z,2022-01-02T06:09:24.000Z,1641132262304
60,android,app_1,2022-01-03T05:01:42.000Z,2022-01-02T06:09:24.000Z,1641186086084
60,android,app_1,2022-01-03T05:53:22.000Z,2022-01-02T06:09:24.000Z,1641189201069
60,android,app_1,2022-01-03T14:33:07.000Z,2022-01-02T06:09:24.000Z,1641220339275
60,android,app_1,2022-01-03T15:53:09.000Z,2022-01-02T06:09:24.000Z,1641225168309
60,android,app_1,2022-01-03T15:54:03.000Z,2022-01-02T06:09:24.000Z,1641225233127
60,android,app_1,2022-01-03T15:55:00.000Z,2022-01-02T06:09:24.000Z,1641225284808
60,android,app_1,2022-01-03T15:57:20.000Z,2022-01-02T06:09:24.000Z,1641225430365
60,android,app_1,2022-01-04T05:32:12.000Z,2022-01-02T06:09:24.000Z,1641274299881
60,android,app_1,2022-01-04T14:01:14.000Z,2022-01-02T06:09:24.000Z,1641304869246
60,android,app_1,2022-01-04T14:01:35.000Z,2022-01-02T06:09:24.000Z,1641304844454
60,android,app_1,2022-01-06T05:37:37.000Z,2022-01-02T06:09:24.000Z,1641447436383
60,android,app_1,2022-01-06T08:51:00.000Z,2022-01-02T06:09:24.000Z,1641459041437
60,android,app_1,2022-01-06T10:28:32.000Z,2022-01-02T06:09:24.000Z,1641464852482
60,android,app_1,2022-01-06T12:36:47.000Z,2022-01-02T06:09:24.000Z,1641472538143
60,android,app_1,2022-01-06T13:30:21.000Z,2022-01-02T06:09:24.000Z,1641475759861
61,android,app_1,2022-01-02T22:46:58.000Z,2022-01-02T22:46:58.000Z,1641163616244
61,android,app_1,2022-01-02T22:50:19.000Z,2022-01-02T22:46:58.000Z,1641163806575
61,android,app_1,2022-01-02T22:51:08.000Z,2022-01-02T22:46:58.000Z,1641163860331
61,android,app_1,2022-01-02T22:52:25.000Z,2022-01-02T22:46:58.000Z,1641163931643
62,ios,app_1,2022-01-02T19:51:29.000Z,2022-01-02T19:51:29.000Z,1641153088196
62,ios,app_1,2022-01-02T19:51:36.000Z,2022-01-02T19:51:29.000Z,1641153092200
62,ios,app_1,2022-01-02T19:51:54.000Z,2022-01-02T19:51:29.000Z,1641153099625
62,ios,app_1,2022-01-02T19:55:01.000Z,2022-01-02T19:51:29.000Z,1641153292740
63,ios,app_1,2022-01-02T19:06:09.000Z,2022-01-02T19:06:09.000Z,1641150368299
63,ios,app_1,2022-01-02T19:06:34.000Z,2022-01-02T19:06:09.000Z,1641150378264
63,ios,app_1,2022-01-05T11:07:22.000Z,2022-01-02T19:06:09.000Z,1641380841870
64,ios,app_1,2022-01-02T15:48:20.000Z,2022-01-02T15:48:20.000Z,1641138499232
64,ios,app_1,2022-01-02T15:48:25.000Z,2022-01-02T15:48:20.000Z,1641138501546
64,ios,app_1,2022-01-02T15:48:40.000Z,2022-01-02T15:48:20.000Z,1641138506691
64,ios,app_1,2022-01-02T16:04:48.000Z,2022-01-02T15:48:20.000Z,1641139488214
64,ios,app_1,2022-01-04T13:21:40.000Z,2022-01-02T15:48:20.000Z,1641302500229
64,ios,app_1,2022-01-05T18:10:22.000Z,2022-01-02T15:48:20.000Z,1641406221846
65,ios,app_1,2022-01-02T12:58:55.000Z,2022-01-02T12:58:55.000Z,1641128335398
65,ios,app_1,2022-01-02T12:58:57.000Z,2022-01-02T12:58:55.000Z,1641128336983
65,ios,app_1,2022-01-02T13:05:29.000Z,2022-01-02T12:58:55.000Z,1641128710729
65,ios,app_1,2022-01-02T13:06:45.000Z,2022-01-02T12:58:55.000Z,1641128788502
65,ios,app_1,2022-01-03T18:14:15.000Z,2022-01-02T12:58:55.000Z,1641233655327
66,ios,app_1,2022-01-02T02:20:03.000Z,2022-01-02T02:20:03.000Z,1641090002854
66,ios,app_1,2022-01-02T02:20:06.000Z,2022-01-02T02:20:03.000Z,1641090005367
66,ios,app_1,2022-01-02T02:20:22.000Z,2022-01-02T02:20:03.000Z,1641090010335
66,ios,app_1,2022-01-02T02:21:57.000Z,2022-01-02T02:20:03.000Z,1641090071790
66,ios,app_1,2022-01-02T18:30:18.000Z,2022-01-02T02:20:03.000Z,1641148217943
66,ios,app_1,2022-01-02T18:33:21.000Z,2022-01-02T02:20:03.000Z,1641148360394
66,ios,app_1,2022-01-03T01:41:22.000Z,2022-01-02T02:20:03.000Z,1641174079600
66,ios,app_1,2022-01-03T18:30:31.000Z,2022-01-02T02:20:03.000Z,1641234631292
66,ios,app_1,2022-01-04T00:39:43.000Z,2022-01-02T02:20:03.000Z,1641256772142
66,ios,app_1,2022-01-04T17:30:55.000Z,2022-01-02T02:20:03.000Z,1641317455272
66,ios,app_1,2022-01-05T00:12:55.000Z,2022-01-02T02:20:03.000Z,1641341575064
66,ios,app_1,2022-01-07T23:47:56.000Z,2022-01-02T02:20:03.000Z,1641599275762
67,ios,app_1,2022-01-02T01:58:49.000Z,2022-01-02T01:58:49.000Z,1641088728639
67,ios,app_1,2022-01-04T02:03:50.000Z,2022-01-02T01:58:49.000Z,1641261828500
67,ios,app_1,2022-01-05T03:04:17.000Z,2022-01-02T01:58:49.000Z,1641351831807
67,ios,app_1,2022-01-05T03:06:20.000Z,2022-01-02T01:58:49.000Z,1641351977045
68,ios,app_1,2022-01-02T09:30:36.000Z,2022-01-02T09:30:36.000Z,1641115836176
68,ios,app_1,2022-01-02T09:30:58.000Z,2022-01-02T09:30:36.000Z,1641115857209
68,ios,app_1,2022-01-02T21:07:08.000Z,2022-01-02T09:30:36.000Z,1641157613067
69,ios,app_1,2022-01-02T21:55:50.000Z,2022-01-02T21:55:50.000Z,1641160550287
69,ios,app_1,2022-01-02T21:56:54.000Z,2022-01-02T21:55:50.000Z,1641160605864
70,android,app_1,2022-01-02T00:20:10.000Z,2022-01-02T00:20:10.000Z,1641082808421
70,android,app_1,2022-01-02T00:22:04.000Z,2022-01-02T00:20:10.000Z,1641082898311
70,android,app_1,2022-01-02T00:23:38.000Z,2022-01-02T00:20:10.000Z,1641083003285
71,android,app_1,2022-01-02T08:56:46.000Z,2022-01-02T08:56:46.000Z,1641113804227
71,android,app_1,2022-01-02T08:58:18.000Z,2022-01-02T08:56:46.000Z,1641113875964
72,android,app_1,2022-01-02T01:13:13.000Z,2022-01-02T01:13:13.000Z,1641085990752
72,android,app_1,2022-01-02T01:15:50.000Z,2022-01-02T01:13:13.000Z,1641086129614
72,android,app_1,2022-01-02T01:17:28.000Z,2022-01-02T01:13:13.000Z,1641086206074
73,android,app_1,2022-01-02T21:19:24.000Z,2022-01-02T21:19:24.000Z,1641158364997
73,android,app_1,2022-01-02T21:21:09.000Z,2022-01-02T21:19:24.000Z,1641158461058
73,android,app_1,2022-01-02T21:22:48.000Z,2022-01-02T21:19:24.000Z,1641158548905
73,android,app_1,2022-01-02T21:25:18.000Z,2022-01-02T21:19:24.000Z,1641158702108
73,android,app_1,2022-01-02T21:26:53.000Z,2022-01-02T21:19:24.000Z,1641158800980
73,android,app_1,2022-01-02T21:28:27.000Z,2022-01-02T21:19:24.000Z,1641158886153
73,android,app_1,2022-01-02T21:29:50.000Z,2022-01-02T21:19:24.000Z,1641158991544
73,android,app_1,2022-01-05T21:38:08.000Z,2022-01-02T21:19:24.000Z,1641418687048
73,android,app_1,2022-01-05T21:39:38.000Z,2022-01-02T21:19:24.000Z,1641418770091
73,android,app_1,2022-01-05T21:40:48.000Z,2022-01-02T21:19:24.000Z,1641418832973
73,android,app_1,2022-01-05T21:44:18.000Z,2022-01-02T21:19:24.000Z,1641418893928
73,android,app_1,2022-01-05T21:46:27.000Z,2022-01-02T21:19:24.000Z,1641419166873
74,android,app_1,2022-01-02T10:37:52.000Z,2022-01-02T10:37:52.000Z,1641119869414
74,android,app_1,2022-01-02T10:38:25.000Z,2022-01-02T10:37:52.000Z,1641119891798
75,ios,app_1,2022-01-02T23:32:54.000Z,2022-01-02T23:32:54.000Z,1641166307447
75,ios,app_1,2022-01-03T20:22:34.000Z,2022-01-02T23:32:54.000Z,1641241336401
76,ios,app_1,2022-01-03T15:29:20.000Z,2022-01-03T15:29:20.000Z,1641223759299
76,ios,app_1,2022-01-03T15:29:23.000Z,2022-01-03T15:29:20.000Z,1641223761063
76,ios,app_1,2022-01-03T15:29:40.000Z,2022-01-03T15:29:20.000Z,1641223765849
77,ios,app_1,2022-01-03T12:05:37.000Z,2022-01-03T12:05:37.000Z,1641211536397
77,ios,app_1,2022-01-03T12:05:39.000Z,2022-01-03T12:05:37.000Z,1641211537999
77,ios,app_1,2022-01-03T19:32:22.000Z,2022-01-03T12:05:37.000Z,1641238341764
77,ios,app_1,2022-01-03T19:34:00.000Z,2022-01-03T12:05:37.000Z,1641238435137
77,ios,app_1,2022-01-03T19:44:49.000Z,2022-01-03T12:05:37.000Z,1641239084994
77,ios,app_1,2022-01-04T02:27:14.000Z,2022-01-03T12:05:37.000Z,1641263234532
77,ios,app_1,2022-01-04T02:29:09.000Z,2022-01-03T12:05:37.000Z,1641263346270
77,ios,app_1,2022-01-04T04:15:47.000Z,2022-01-03T12:05:37.000Z,1641269747156
77,ios,app_1,2022-01-04T04:20:42.000Z,2022-01-03T12:05:37.000Z,1641269948347
77,ios,app_1,2022-01-04T04:29:54.000Z,2022-01-03T12:05:37.000Z,1641270576987
77,ios,app_1,2022-01-04T18:00:46.000Z,2022-01-03T12:05:37.000Z,1641319246531
77,ios,app_1,2022-01-04T18:03:20.000Z,2022-01-03T12:05:37.000Z,1641319367099
77,ios,app_1,2022-01-04T18:04:31.000Z,2022-01-03T12:05:37.000Z,1641319440342
77,ios,app_1,2022-01-04T19:33:35.000Z,2022-01-03T12:05:37.000Z,1641324814846
77,ios,app_1,2022-01-04T20:28:54.000Z,2022-01-03T12:05:37.000Z,1641328134230
77,ios,app_1,2022-01-04T20:29:39.000Z,2022-01-03T12:05:37.000Z,1641328178091
77,ios,app_1,2022-01-04T20:31:36.000Z,2022-01-03T12:05:37.000Z,1641328288953
77,ios,app_1,2022-01-06T03:51:49.000Z,2022-01-03T12:05:37.000Z,1641441109415
77,ios,app_1,2022-01-06T03:52:02.000Z,2022-01-03T12:05:37.000Z,1641441118542
78,ios,app_1,2022-01-03T06:44:47.000Z,2022-01-03T06:44:47.000Z,1641192286007
78,ios,app_1,2022-01-03T06:44:50.000Z,2022-01-03T06:44:47.000Z,1641192287751
78,ios,app_1,2022-01-03T06:45:07.000Z,2022-01-03T06:44:47.000Z,1641192296925
78,ios,app_1,2022-01-04T09:07:20.000Z,2022-01-03T06:44:47.000Z,1641287239361
79,ios,app_1,2022-01-03T04:17:23.000Z,2022-01-03T04:17:23.000Z,1641183443207
79,ios,app_1,2022-01-03T04:17:26.000Z,2022-01-03T04:17:23.000Z,1641183445077
79,ios,app_1,2022-01-03T16:50:06.000Z,2022-01-03T04:17:23.000Z,1641228606346
79,ios,app_1,2022-01-03T16:50:15.000Z,2022-01-03T04:17:23.000Z,1641228611409
79,ios,app_1,2022-01-03T17:07:21.000Z,2022-01-03T04:17:23.000Z,1641229599653
79,ios,app_1,2022-01-03T17:42:43.000Z,2022-01-03T04:17:23.000Z,1641231748023
79,ios,app_1,2022-01-07T04:12:07.000Z,2022-01-03T04:17:23.000Z,1641528726790
80,android,app_1,2022-01-03T10:04:41.000Z,2022-01-03T10:04:41.000Z,1641204278302
81,android,app_1,2022-01-03T14:56:20.000Z,2022-01-03T14:56:20.000Z,1641221778245
81,android,app_1,2022-01-03T15:01:07.000Z,2022-01-03T14:56:20.000Z,1641222064983
81,android,app_1,2022-01-03T15:02:37.000Z,2022-01-03T14:56:20.000Z,1641222147285
81,android,app_1,2022-01-03T15:03:20.000Z,2022-01-03T14:56:20.000Z,1641222191477
81,android,app_1,2022-01-03T15:05:38.000Z,2022-01-03T14:56:20.000Z,1641222337049
81,android,app_1,2022-01-03T15:56:48.000Z,2022-01-03T14:56:20.000Z,1641225402309
82,android,app_1,2022-01-03T08:08:16.000Z,2022-01-03T08:08:16.000Z,1641197294633
83,ios,app_1,2022-01-03T09:01:14.000Z,2022-01-03T09:01:14.000Z,1641200473203
83,ios,app_1,2022-01-03T15:16:56.000Z,2022-01-03T09:01:14.000Z,1641223015199
83,ios,app_1,2022-01-03T15:17:16.000Z,2022-01-03T09:01:14.000Z,1641223024846
83,ios,app_1,2022-01-03T15:21:35.000Z,2022-01-03T09:01:14.000Z,1641223294091
84,android,app_1,2022-01-03T10:24:57.000Z,2022-01-03T10:24:57.000Z,1641205426764
84,android,app_1,2022-01-03T10:26:08.000Z,2022-01-03T10:24:57.000Z,1641205555209
84,android,app_1,2022-01-03T10:34:57.000Z,2022-01-03T10:24:57.000Z,1641206052026
84,android,app_1,2022-01-03T10:36:38.000Z,2022-01-03T10:24:57.000Z,1641206176529
84,android,app_1,2022-01-03T10:45:30.000Z,2022-01-03T10:24:57.000Z,1641206711185
84,android,app_1,2022-01-03T10:47:03.000Z,2022-01-03T10:24:57.000Z,1641206812910
84,android,app_1,2022-01-03T10:52:14.000Z,2022-01-03T10:24:57.000Z,1641207102781
84,android,app_1,2022-01-03T11:05:42.000Z,2022-01-03T10:24:57.000Z,1641207919643
84,android,app_1,2022-01-03T11:15:13.000Z,2022-01-03T10:24:57.000Z,1641208482637
84,android,app_1,2022-01-03T11:19:14.000Z,2022-01-03T10:24:57.000Z,1641208752627
84,android,app_1,2022-01-03T11:23:39.000Z,2022-01-03T10:24:57.000Z,1641208976381
84,android,app_1,2022-01-03T11:25:16.000Z,2022-01-03T10:24:57.000Z,1641209105008
84,android,app_1,2022-01-03T11:28:56.000Z,2022-01-03T10:24:57.000Z,1641209309319
84,android,app_1,2022-01-03T11:33:00.000Z,2022-01-03T10:24:57.000Z,1641209561253
84,android,app_1,2022-01-03T11:34:06.000Z,2022-01-03T10:24:57.000Z,1641209634717
84,android,app_1,2022-01-03T11:35:14.000Z,2022-01-03T10:24:57.000Z,1641209701283
84,android,app_1,2022-01-03T11:37:10.000Z,2022-01-03T10:24:57.000Z,1641209819968
84,android,app_1,2022-01-03T11:39:04.000Z,2022-01-03T10:24:57.000Z,1641209933749
84,android,app_1,2022-01-03T11:44:40.000Z,2022-01-03T10:24:57.000Z,1641210239421
84,android,app_1,2022-01-03T11:46:45.000Z,2022-01-03T10:24:57.000Z,1641210386752
84,android,app_1,2022-01-03T11:48:40.000Z,2022-01-03T10:24:57.000Z,1641210443747
84,android,app_1,2022-01-03T11:49:37.000Z,2022-01-03T10:24:57.000Z,1641210562520
84,android,app_1,2022-01-03T11:50:51.000Z,2022-01-03T10:24:57.000Z,1641210640008
84,android,app_1,2022-01-03T11:53:10.000Z,2022-01-03T10:24:57.000Z,1641210776108
84,android,app_1,2022-01-03T11:54:49.000Z,2022-01-03T10:24:57.000Z,1641210875946
84,android,app_1,2022-01-03T11:57:28.000Z,2022-01-03T10:24:57.000Z,1641210995719
84,android,app_1,2022-01-03T16:54:26.000Z,2022-01-03T10:24:57.000Z,1641228851533
84,android,app_1,2022-01-03T17:01:50.000Z,2022-01-03T10:24:57.000Z,1641229241125
84,android,app_1,2022-01-03T17:06:53.000Z,2022-01-03T10:24:57.000Z,1641229578642
84,android,app_1,2022-01-03T17:09:27.000Z,2022-01-03T10:24:57.000Z,1641229758007
84,android,app_1,2022-01-03T17:13:06.000Z,2022-01-03T10:24:57.000Z,1641229971195
84,android,app_1,2022-01-03T17:14:09.000Z,2022-01-03T10:24:57.000Z,1641230040613
84,android,app_1,2022-01-03T17:15:59.000Z,2022-01-03T10:24:57.000Z,1641230148249
84,android,app_1,2022-01-03T17:17:54.000Z,2022-01-03T10:24:57.000Z,1641230267944
84,android,app_1,2022-01-03T17:19:05.000Z,2022-01-03T10:24:57.000Z,1641230335265
84,android,app_1,2022-01-03T17:21:04.000Z,2022-01-03T10:24:57.000Z,1641230420511
84,android,app_1,2022-01-03T17:21:51.000Z,2022-01-03T10:24:57.000Z,1641230503742
84,android,app_1,2022-01-03T17:23:27.000Z,2022-01-03T10:24:57.000Z,1641230579713
84,android,app_1,2022-01-03T17:26:17.000Z,2022-01-03T10:24:57.000Z,1641230772641
84,android,app_1,2022-01-03T17:30:37.000Z,2022-01-03T10:24:57.000Z,1641230997009
84,android,app_1,2022-01-03T17:33:02.000Z,2022-01-03T10:24:57.000Z,1641231156630
84,android,app_1,2022-01-03T17:33:58.000Z,2022-01-03T10:24:57.000Z,1641231221247
84,android,app_1,2022-01-03T17:35:52.000Z,2022-01-03T10:24:57.000Z,1641231337957
84,android,app_1,2022-01-03T17:36:50.000Z,2022-01-03T10:24:57.000Z,1641231400237
84,android,app_1,2022-01-03T17:39:01.000Z,2022-01-03T10:24:57.000Z,1641231523888
84,android,app_1,2022-01-03T17:40:57.000Z,2022-01-03T10:24:57.000Z,1641231646459
84,android,app_1,2022-01-03T17:41:44.000Z,2022-01-03T10:24:57.000Z,1641231684180
84,android,app_1,2022-01-03T18:44:53.000Z,2022-01-03T10:24:57.000Z,1641235459754
84,android,app_1,2022-01-03T18:46:18.000Z,2022-01-03T10:24:57.000Z,1641235566298
84,android,app_1,2022-01-03T18:49:18.000Z,2022-01-03T10:24:57.000Z,1641235741056
84,android,app_1,2022-01-03T18:56:36.000Z,2022-01-03T10:24:57.000Z,1641236193772
84,android,app_1,2022-01-03T18:59:22.000Z,2022-01-03T10:24:57.000Z,1641236347961
84,android,app_1,2022-01-03T19:10:15.000Z,2022-01-03T10:24:57.000Z,1641236958742
84,android,app_1,2022-01-03T19:12:45.000Z,2022-01-03T10:24:57.000Z,1641237136477
84,android,app_1,2022-01-03T19:13:43.000Z,2022-01-03T10:24:57.000Z,1641237204596
84,android,app_1,2022-01-03T19:15:30.000Z,2022-01-03T10:24:57.000Z,1641237319100
84,android,app_1,2022-01-03T19:16:56.000Z,2022-01-03T10:24:57.000Z,1641237404502
84,android,app_1,2022-01-03T19:19:01.000Z,2022-01-03T10:24:57.000Z,1641237532254
84,android,app_1,2022-01-03T21:16:11.000Z,2022-01-03T10:24:57.000Z,1641244552574
84,android,app_1,2022-01-03T21:18:15.000Z,2022-01-03T10:24:57.000Z,1641244682571
84,android,app_1,2022-01-03T21:21:21.000Z,2022-01-03T10:24:57.000Z,1641244798320
84,android,app_1,2022-01-03T21:23:15.000Z,2022-01-03T10:24:57.000Z,1641244981870
84,android,app_1,2022-01-03T21:25:17.000Z,2022-01-03T10:24:57.000Z,1641245103359
84,android,app_1,2022-01-03T21:26:41.000Z,2022-01-03T10:24:57.000Z,1641245181570
84,android,app_1,2022-01-04T03:54:09.000Z,2022-01-03T10:24:57.000Z,1641268428620
84,android,app_1,2022-01-04T03:56:38.000Z,2022-01-03T10:24:57.000Z,1641268580313
84,android,app_1,2022-01-04T03:57:33.000Z,2022-01-03T10:24:57.000Z,1641268635451
84,android,app_1,2022-01-04T03:58:12.000Z,2022-01-03T10:24:57.000Z,1641268661022
84,android,app_1,2022-01-04T04:33:33.000Z,2022-01-03T10:24:57.000Z,1641270781909
84,android,app_1,2022-01-04T04:37:11.000Z,2022-01-03T10:24:57.000Z,1641271008019
84,android,app_1,2022-01-04T04:38:16.000Z,2022-01-03T10:24:57.000Z,1641271068427
84,android,app_1,2022-01-04T04:39:12.000Z,2022-01-03T10:24:57.000Z,1641271136963
84,android,app_1,2022-01-04T04:39:44.000Z,2022-01-03T10:24:57.000Z,1641271184036
84,android,app_1,2022-01-04T04:47:03.000Z,2022-01-03T10:24:57.000Z,1641271610134
84,android,app_1,2022-01-04T04:48:56.000Z,2022-01-03T10:24:57.000Z,1641271726689
84,android,app_1,2022-01-04T04:50:28.000Z,2022-01-03T10:24:57.000Z,1641271818145
84,android,app_1,2022-01-04T04:52:42.000Z,2022-01-03T10:24:57.000Z,1641271950977
84,android,app_1,2022-01-04T04:54:23.000Z,2022-01-03T10:24:57.000Z,1641272053963
84,android,app_1,2022-01-04T04:57:14.000Z,2022-01-03T10:24:57.000Z,1641272170602
84,android,app_1,2022-01-04T04:58:08.000Z,2022-01-03T10:24:57.000Z,1641272278496
84,android,app_1,2022-01-04T05:01:11.000Z,2022-01-03T10:24:57.000Z,1641272395678
84,android,app_1,2022-01-04T10:16:38.000Z,2022-01-03T10:24:57.000Z,1641291384259
84,android,app_1,2022-01-04T10:19:12.000Z,2022-01-03T10:24:57.000Z,1641291529335
84,android,app_1,2022-01-04T10:20:46.000Z,2022-01-03T10:24:57.000Z,1641291629860
84,android,app_1,2022-01-04T10:21:18.000Z,2022-01-03T10:24:57.000Z,1641291648906
84,android,app_1,2022-01-04T12:16:09.000Z,2022-01-03T10:24:57.000Z,1641298525601
84,android,app_1,2022-01-04T12:32:34.000Z,2022-01-03T10:24:57.000Z,1641299508307
84,android,app_1,2022-01-04T14:40:16.000Z,2022-01-03T10:24:57.000Z,1641307178999
84,android,app_1,2022-01-04T14:45:30.000Z,2022-01-03T10:24:57.000Z,1641307505874
84,android,app_1,2022-01-04T14:50:22.000Z,2022-01-03T10:24:57.000Z,1641307765754
84,android,app_1,2022-01-04T18:47:03.000Z,2022-01-03T10:24:57.000Z,1641321951017
84,android,app_1,2022-01-04T20:20:32.000Z,2022-01-03T10:24:57.000Z,1641327615070
84,android,app_1,2022-01-04T20:22:25.000Z,2022-01-03T10:24:57.000Z,1641327734511
84,android,app_1,2022-01-04T20:24:02.000Z,2022-01-03T10:24:57.000Z,1641327832849
84,android,app_1,2022-01-04T20:27:08.000Z,2022-01-03T10:24:57.000Z,1641327974665
84,android,app_1,2022-01-04T20:28:29.000Z,2022-01-03T10:24:57.000Z,1641328078385
84,android,app_1,2022-01-04T20:29:58.000Z,2022-01-03T10:24:57.000Z,1641328168049
84,android,app_1,2022-01-04T20:31:43.000Z,2022-01-03T10:24:57.000Z,1641328287049
84,android,app_1,2022-01-04T20:34:22.000Z,2022-01-03T10:24:57.000Z,1641328418499
84,android,app_1,2022-01-04T20:37:46.000Z,2022-01-03T10:24:57.000Z,1641328602823
84,android,app_1,2022-01-04T20:42:56.000Z,2022-01-03T10:24:57.000Z,1641328923296
84,android,app_1,2022-01-04T20:43:48.000Z,2022-01-03T10:24:57.000Z,1641329013069
84,android,app_1,2022-01-05T07:09:26.000Z,2022-01-03T10:24:57.000Z,1641366543438
84,android,app_1,2022-01-05T09:12:09.000Z,2022-01-03T10:24:57.000Z,1641373924144
84,android,app_1,2022-01-05T09:12:59.000Z,2022-01-03T10:24:57.000Z,1641373906887
84,android,app_1,2022-01-05T09:22:06.000Z,2022-01-03T10:24:57.000Z,1641374490916
84,android,app_1,2022-01-05T09:33:12.000Z,2022-01-03T10:24:57.000Z,1641375128777
84,android,app_1,2022-01-05T09:33:55.000Z,2022-01-03T10:24:57.000Z,1641375224339
84,android,app_1,2022-01-05T09:38:24.000Z,2022-01-03T10:24:57.000Z,1641375435223
84,android,app_1,2022-01-05T09:41:12.000Z,2022-01-03T10:24:57.000Z,1641375577933
84,android,app_1,2022-01-05T10:39:30.000Z,2022-01-03T10:24:57.000Z,1641379140839
84,android,app_1,2022-01-05T10:42:26.000Z,2022-01-03T10:24:57.000Z,1641379289077
84,android,app_1,2022-01-05T10:44:15.000Z,2022-01-03T10:24:57.000Z,1641379384565
84,android,app_1,2022-01-05T10:45:46.000Z,2022-01-03T10:24:57.000Z,1641379499108
84,android,app_1,2022-01-05T10:47:40.000Z,2022-01-03T10:24:57.000Z,1641379584641
84,android,app_1,2022-01-05T10:48:37.000Z,2022-01-03T10:24:57.000Z,1641379704403
84,android,app_1,2022-01-05T10:49:38.000Z,2022-01-03T10:24:57.000Z,1641379763843
84,android,app_1,2022-01-05T15:18:20.000Z,2022-01-03T10:24:57.000Z,1641395878842
84,android,app_1,2022-01-05T15:22:16.000Z,2022-01-03T10:24:57.000Z,1641396074728
84,android,app_1,2022-01-05T15:24:35.000Z,2022-01-03T10:24:57.000Z,1641396239496
84,android,app_1,2022-01-05T15:26:05.000Z,2022-01-03T10:24:57.000Z,1641396349199
84,android,app_1,2022-01-05T15:27:18.000Z,2022-01-03T10:24:57.000Z,1641396425773
84,android,app_1,2022-01-05T18:15:25.000Z,2022-01-03T10:24:57.000Z,1641406501281
84,android,app_1,2022-01-05T18:20:29.000Z,2022-01-03T10:24:57.000Z,1641406793511
84,android,app_1,2022-01-05T18:21:12.000Z,2022-01-03T10:24:57.000Z,1641406866955
84,android,app_1,2022-01-06T18:51:30.000Z,2022-01-03T10:24:57.000Z,1641495063154
84,android,app_1,2022-01-06T19:08:38.000Z,2022-01-03T10:24:57.000Z,1641496069677
84,android,app_1,2022-01-07T11:24:26.000Z,2022-01-03T10:24:57.000Z,1641554640824
84,android,app_1,2022-01-07T11:25:29.000Z,2022-01-03T10:24:57.000Z,1641554726170
84,android,app_1,2022-01-07T19:23:14.000Z,2022-01-03T10:24:57.000Z,1641583363126
84,android,app_1,2022-01-07T19:25:10.000Z,2022-01-03T10:24:57.000Z,1641583449566
84,android,app_1,2022-01-07T19:26:19.000Z,2022-01-03T10:24:57.000Z,1641583567722
85,android,app_1,2022-01-03T06:27:24.000Z,2022-01-03T06:27:24.000Z,1641191241198
86,android,app_1,2022-01-03T02:06:39.000Z,2022-01-03T02:06:39.000Z,1641175595123
86,android,app_1,2022-01-03T02:07:34.000Z,2022-01-03T02:06:39.000Z,1641175649824
86,android,app_1,2022-01-03T02:08:08.000Z,2022-01-03T02:06:39.000Z,1641175684322
86,android,app_1,2022-01-03T02:08:51.000Z,2022-01-03T02:06:39.000Z,1641175727206
86,android,app_1,2022-01-03T02:09:39.000Z,2022-01-03T02:06:39.000Z,1641175775531
86,android,app_1,2022-01-03T02:10:19.000Z,2022-01-03T02:06:39.000Z,1641175815248
86,android,app_1,2022-01-03T02:10:55.000Z,2022-01-03T02:06:39.000Z,1641175851811
86,android,app_1,2022-01-03T02:11:41.000Z,2022-01-03T02:06:39.000Z,1641175897351
86,android,app_1,2022-01-03T02:12:21.000Z,2022-01-03T02:06:39.000Z,1641175937724
86,android,app_1,2022-01-03T02:13:57.000Z,2022-01-03T02:06:39.000Z,1641176033369
86,android,app_1,2022-01-03T02:14:35.000Z,2022-01-03T02:06:39.000Z,1641176071021
86,android,app_1,2022-01-03T02:15:11.000Z,2022-01-03T02:06:39.000Z,1641176107948
86,android,app_1,2022-01-03T12:31:58.000Z,2022-01-03T02:06:39.000Z,1641213113734
86,android,app_1,2022-01-03T12:33:53.000Z,2022-01-03T02:06:39.000Z,1641213229597
86,android,app_1,2022-01-03T12:34:49.000Z,2022-01-03T02:06:39.000Z,1641213281235
86,android,app_1,2022-01-03T12:35:12.000Z,2022-01-03T02:06:39.000Z,1641213308101
86,android,app_1,2022-01-03T12:35:55.000Z,2022-01-03T02:06:39.000Z,1641213351520
86,android,app_1,2022-01-03T12:36:05.000Z,2022-01-03T02:06:39.000Z,1641213361343
86,android,app_1,2022-01-03T12:36:39.000Z,2022-01-03T02:06:39.000Z,1641213395444
86,android,app_1,2022-01-03T12:37:15.000Z,2022-01-03T02:06:39.000Z,1641213431610
86,android,app_1,2022-01-03T12:37:57.000Z,2022-01-03T02:06:39.000Z,1641213472774
86,android,app_1,2022-01-03T12:39:27.000Z,2022-01-03T02:06:39.000Z,1641213561231
86,android,app_1,2022-01-03T18:46:57.000Z,2022-01-03T02:06:39.000Z,1641235613152
86,android,app_1,2022-01-03T18:48:07.000Z,2022-01-03T02:06:39.000Z,1641235682718
87,ios,app_1,2022-01-03T04:51:19.000Z,2022-01-03T04:51:19.000Z,1641185478054
87,ios,app_1,2022-01-03T04:51:21.000Z,2022-01-03T04:51:19.000Z,1641185480057
87,ios,app_1,2022-01-03T04:51:35.000Z,2022-01-03T04:51:19.000Z,1641185485950
87,ios,app_1,2022-01-03T04:51:57.000Z,2022-01-03T04:51:19.000Z,1641185512385
87,ios,app_1,2022-01-03T04:55:01.000Z,2022-01-03T04:51:19.000Z,1641185685291
87,ios,app_1,2022-01-03T05:05:21.000Z,2022-01-03T04:51:19.000Z,1641186148627
87,ios,app_1,2022-01-07T08:17:52.000Z,2022-01-03T04:51:19.000Z,1641543470555
87,ios,app_1,2022-01-07T08:21:36.000Z,2022-01-03T04:51:19.000Z,1641543662257
87,ios,app_1,2022-01-07T09:03:02.000Z,2022-01-03T04:51:19.000Z,1641546182091
88,ios,app_1,2022-01-03T09:12:19.000Z,2022-01-03T09:12:19.000Z,1641201138527
88,ios,app_1,2022-01-03T09:12:23.000Z,2022-01-03T09:12:19.000Z,1641201140087
88,ios,app_1,2022-01-03T09:12:48.000Z,2022-01-03T09:12:19.000Z,1641201156349
88,ios,app_1,2022-01-03T09:16:45.000Z,2022-01-03T09:12:19.000Z,1641201404586
88,ios,app_1,2022-01-03T09:17:10.000Z,2022-01-03T09:12:19.000Z,1641201425809
88,ios,app_1,2022-01-03T18:01:25.000Z,2022-01-03T09:12:19.000Z,1641232884940
88,ios,app_1,2022-01-03T19:01:33.000Z,2022-01-03T09:12:19.000Z,1641236493093
88,ios,app_1,2022-01-03T19:08:16.000Z,2022-01-03T09:12:19.000Z,1641236892761
88,ios,app_1,2022-01-04T18:21:59.000Z,2022-01-03T09:12:19.000Z,1641320519062
88,ios,app_1,2022-01-05T11:07:54.000Z,2022-01-03T09:12:19.000Z,1641380873771
88,ios,app_1,2022-01-05T11:10:49.000Z,2022-01-03T09:12:19.000Z,1641381003209
89,ios,app_1,2022-01-03T17:03:28.000Z,2022-01-03T17:03:28.000Z,1641229407771
89,ios,app_1,2022-01-03T17:03:30.000Z,2022-01-03T17:03:28.000Z,1641229409706
89,ios,app_1,2022-01-03T17:03:44.000Z,2022-01-03T17:03:28.000Z,1641229413187
89,ios,app_1,2022-01-03T17:08:38.000Z,2022-01-03T17:03:28.000Z,1641229714607
89,ios,app_1,2022-01-03T17:20:20.000Z,2022-01-03T17:03:28.000Z,1641230420346
89,ios,app_1,2022-01-03T18:39:16.000Z,2022-01-03T17:03:28.000Z,1641235155905
89,ios,app_1,2022-01-03T18:42:46.000Z,2022-01-03T17:03:28.000Z,1641235348173
89,ios,app_1,2022-01-03T18:50:03.000Z,2022-01-03T17:03:28.000Z,1641235704684
89,ios,app_1,2022-01-03T20:02:48.000Z,2022-01-03T17:03:28.000Z,1641240167990
89,ios,app_1,2022-01-03T20:06:17.000Z,2022-01-03T17:03:28.000Z,1641240377140
89,ios,app_1,2022-01-03T20:15:40.000Z,2022-01-03T17:03:28.000Z,1641240936725
89,ios,app_1,2022-01-03T20:19:16.000Z,2022-01-03T17:03:28.000Z,1641241156145
89,ios,app_1,2022-01-03T20:50:20.000Z,2022-01-03T17:03:28.000Z,1641243020425
89,ios,app_1,2022-01-03T23:40:38.000Z,2022-01-03T17:03:28.000Z,1641253238617
89,ios,app_1,2022-01-03T23:41:15.000Z,2022-01-03T17:03:28.000Z,1641253269690
89,ios,app_1,2022-01-03T23:43:24.000Z,2022-01-03T17:03:28.000Z,1641253357992
89,ios,app_1,2022-01-03T23:51:38.000Z,2022-01-03T17:03:28.000Z,1641253897298
89,ios,app_1,2022-01-03T23:59:57.000Z,2022-01-03T17:03:28.000Z,1641254396613
89,ios,app_1,2022-01-04T00:22:25.000Z,2022-01-03T17:03:28.000Z,1641255745184
89,ios,app_1,2022-01-04T01:00:34.000Z,2022-01-03T17:03:28.000Z,1641258033455
89,ios,app_1,2022-01-04T01:07:55.000Z,2022-01-03T17:03:28.000Z,1641258475263
89,ios,app_1,2022-01-04T13:28:09.000Z,2022-01-03T17:03:28.000Z,1641302888983
89,ios,app_1,2022-01-04T15:18:38.000Z,2022-01-03T17:03:28.000Z,1641309518492
89,ios,app_1,2022-01-04T15:20:16.000Z,2022-01-03T17:03:28.000Z,1641309615911
89,ios,app_1,2022-01-04T15:22:06.000Z,2022-01-03T17:03:28.000Z,1641309709416
89,ios,app_1,2022-01-04T16:04:44.000Z,2022-01-03T17:03:28.000Z,1641312283913
89,ios,app_1,2022-01-04T16:06:12.000Z,2022-01-03T17:03:28.000Z,1641312364181
89,ios,app_1,2022-01-04T18:35:16.000Z,2022-01-03T17:03:28.000Z,1641321315918
89,ios,app_1,2022-01-04T18:36:49.000Z,2022-01-03T17:03:28.000Z,1641321409781
89,ios,app_1,2022-01-04T18:52:03.000Z,2022-01-03T17:03:28.000Z,1641322321008
89,ios,app_1,2022-01-04T19:30:40.000Z,2022-01-03T17:03:28.000Z,1641324639966
89,ios,app_1,2022-01-04T19:45:04.000Z,2022-01-03T17:03:28.000Z,1641325496659
89,ios,app_1,2022-01-04T19:55:30.000Z,2022-01-03T17:03:28.000Z,1641326110060
89,ios,app_1,2022-01-04T19:57:13.000Z,2022-01-03T17:03:28.000Z,1641326230594
89,ios,app_1,2022-01-04T20:00:52.000Z,2022-01-03T17:03:28.000Z,1641326451863
89,ios,app_1,2022-01-04T20:17:11.000Z,2022-01-03T17:03:28.000Z,1641327430619
89,ios,app_1,2022-01-04T20:26:43.000Z,2022-01-03T17:03:28.000Z,1641327985659
89,ios,app_1,2022-01-04T20:30:37.000Z,2022-01-03T17:03:28.000Z,1641328236147
89,ios,app_1,2022-01-04T20:36:39.000Z,2022-01-03T17:03:28.000Z,1641328599660
89,ios,app_1,2022-01-04T23:45:46.000Z,2022-01-03T17:03:28.000Z,1641339946367
89,ios,app_1,2022-01-04T23:47:50.000Z,2022-01-03T17:03:28.000Z,1641340069708
89,ios,app_1,2022-01-05T01:17:45.000Z,2022-01-03T17:03:28.000Z,1641345465499
89,ios,app_1,2022-01-05T04:21:31.000Z,2022-01-03T17:03:28.000Z,1641356491448
89,ios,app_1,2022-01-06T14:56:24.000Z,2022-01-03T17:03:28.000Z,1641480983195
89,ios,app_1,2022-01-06T16:13:16.000Z,2022-01-03T17:03:28.000Z,1641485596278
89,ios,app_1,2022-01-06T16:53:08.000Z,2022-01-03T17:03:28.000Z,1641487988105
89,ios,app_1,2022-01-06T21:50:00.000Z,2022-01-03T17:03:28.000Z,1641505800255
89,ios,app_1,2022-01-06T21:57:02.000Z,2022-01-03T17:03:28.000Z,1641506206174
89,ios,app_1,2022-01-07T02:38:13.000Z,2022-01-03T17:03:28.000Z,1641523093540
89,ios,app_1,2022-01-07T03:10:25.000Z,2022-01-03T17:03:28.000Z,1641525024628
89,ios,app_1,2022-01-07T03:18:08.000Z,2022-01-03T17:03:28.000Z,1641525487231
89,ios,app_1,2022-01-07T03:19:53.000Z,2022-01-03T17:03:28.000Z,1641525593059
89,ios,app_1,2022-01-07T03:20:24.000Z,2022-01-03T17:03:28.000Z,1641525621398
89,ios,app_1,2022-01-07T03:22:22.000Z,2022-01-03T17:03:28.000Z,1641525742284
89,ios,app_1,2022-01-07T03:24:15.000Z,2022-01-03T17:03:28.000Z,1641525843625
89,ios,app_1,2022-01-07T17:38:52.000Z,2022-01-03T17:03:28.000Z,1641577131859
89,ios,app_1,2022-01-07T17:41:00.000Z,2022-01-03T17:03:28.000Z,1641577213654
89,ios,app_1,2022-01-07T17:46:53.000Z,2022-01-03T17:03:28.000Z,1641577613112
89,ios,app_1,2022-01-07T17:46:59.000Z,2022-01-03T17:03:28.000Z,1641577619646
89,ios,app_1,2022-01-07T17:50:28.000Z,2022-01-03T17:03:28.000Z,1641577720215
89,ios,app_1,2022-01-07T18:33:37.000Z,2022-01-03T17:03:28.000Z,1641580417293
89,ios,app_1,2022-01-07T18:41:51.000Z,2022-01-03T17:03:28.000Z,1641580911034
89,ios,app_1,2022-01-07T20:06:21.000Z,2022-01-03T17:03:28.000Z,1641585980805
89,ios,app_1,2022-01-07T20:16:35.000Z,2022-01-03T17:03:28.000Z,1641586594812
90,ios,app_1,2022-01-03T01:35:38.000Z,2022-01-03T01:35:38.000Z,1641173737701
90,ios,app_1,2022-01-03T01:35:47.000Z,2022-01-03T01:35:38.000Z,1641173740426
90,ios,app_1,2022-01-03T01:57:47.000Z,2022-01-03T01:35:38.000Z,1641175066574
90,ios,app_1,2022-01-03T02:32:28.000Z,2022-01-03T01:35:38.000Z,1641177147156
90,ios,app_1,2022-01-03T02:33:53.000Z,2022-01-03T01:35:38.000Z,1641177232491
90,ios,app_1,2022-01-03T02:34:37.000Z,2022-01-03T01:35:38.000Z,1641177260476
90,ios,app_1,2022-01-03T02:35:20.000Z,2022-01-03T01:35:38.000Z,1641177319216
90,ios,app_1,2022-01-03T02:38:03.000Z,2022-01-03T01:35:38.000Z,1641177435918
90,ios,app_1,2022-01-03T13:59:09.000Z,2022-01-03T01:35:38.000Z,1641218348666
90,ios,app_1,2022-01-04T01:55:41.000Z,2022-01-03T01:35:38.000Z,1641261340479
90,ios,app_1,2022-01-04T04:03:22.000Z,2022-01-03T01:35:38.000Z,1641269001447
90,ios,app_1,2022-01-04T04:05:30.000Z,2022-01-03T01:35:38.000Z,1641269129666
90,ios,app_1,2022-01-04T04:11:33.000Z,2022-01-03T01:35:38.000Z,1641269486069
90,ios,app_1,2022-01-05T02:10:26.000Z,2022-01-03T01:35:38.000Z,1641348623463
91,android,app_1,2022-01-03T21:47:12.000Z,2022-01-03T21:47:12.000Z,1641246431831
92,android,app_1,2022-01-03T07:21:06.000Z,2022-01-03T07:21:06.000Z,1641194464602
92,android,app_1,2022-01-03T07:22:57.000Z,2022-01-03T07:21:06.000Z,1641194571803
93,android,app_1,2022-01-03T04:52:42.000Z,2022-01-03T04:52:42.000Z,1641185564059
93,android,app_1,2022-01-03T18:37:24.000Z,2022-01-03T04:52:42.000Z,1641235047563
94,android,app_1,2022-01-03T07:51:35.000Z,2022-01-03T07:51:35.000Z,1641196295016
94,android,app_1,2022-01-03T07:53:00.000Z,2022-01-03T07:51:35.000Z,1641196373218
94,android,app_1,2022-01-03T07:53:19.000Z,2022-01-03T07:51:35.000Z,1641196398507
94,android,app_1,2022-01-03T07:54:16.000Z,2022-01-03T07:51:35.000Z,1641196448805
94,android,app_1,2022-01-03T07:55:24.000Z,2022-01-03T07:51:35.000Z,1641196511450
94,android,app_1,2022-01-03T07:57:57.000Z,2022-01-03T07:51:35.000Z,1641196661099
94,android,app_1,2022-01-03T07:58:34.000Z,2022-01-03T07:51:35.000Z,1641196706089
94,android,app_1,2022-01-03T08:00:19.000Z,2022-01-03T07:51:35.000Z,1641196806376
94,android,app_1,2022-01-03T08:01:31.000Z,2022-01-03T07:51:35.000Z,1641196885402
94,android,app_1,2022-01-03T08:02:44.000Z,2022-01-03T07:51:35.000Z,1641196948836
94,android,app_1,2022-01-03T08:03:51.000Z,2022-01-03T07:51:35.000Z,1641197009369
95,android,app_1,2022-01-04T10:59:57.000Z,2022-01-04T10:59:57.000Z,1641293996684
95,android,app_1,2022-01-04T11:00:47.000Z,2022-01-04T10:59:57.000Z,1641294036096
95,android,app_1,2022-01-04T12:14:30.000Z,2022-01-04T10:59:57.000Z,1641298468791
95,android,app_1,2022-01-04T12:16:11.000Z,2022-01-04T10:59:57.000Z,1641298563187
95,android,app_1,2022-01-05T07:02:13.000Z,2022-01-04T10:59:57.000Z,1641366127547
95,android,app_1,2022-01-07T05:49:34.000Z,2022-01-04T10:59:57.000Z,1641534574986
95,android,app_1,2022-01-07T05:54:03.000Z,2022-01-04T10:59:57.000Z,1641534814542
96,android,app_1,2022-01-04T02:34:11.000Z,2022-01-04T02:34:11.000Z,1641263651813
96,android,app_1,2022-01-04T02:35:13.000Z,2022-01-04T02:34:11.000Z,1641263700533
96,android,app_1,2022-01-04T02:36:05.000Z,2022-01-04T02:34:11.000Z,1641263756640
96,android,app_1,2022-01-04T02:37:12.000Z,2022-01-04T02:34:11.000Z,1641263821129
96,android,app_1,2022-01-04T02:38:07.000Z,2022-01-04T02:34:11.000Z,1641263874949
96,android,app_1,2022-01-04T02:39:07.000Z,2022-01-04T02:34:11.000Z,1641263937117
96,android,app_1,2022-01-04T02:52:27.000Z,2022-01-04T02:34:11.000Z,1641264747809
96,android,app_1,2022-01-04T03:09:55.000Z,2022-01-04T02:34:11.000Z,1641265796068
96,android,app_1,2022-01-04T03:12:23.000Z,2022-01-04T02:34:11.000Z,1641265865668
96,android,app_1,2022-01-04T03:13:32.000Z,2022-01-04T02:34:11.000Z,1641265993812
96,android,app_1,2022-01-04T03:14:50.000Z,2022-01-04T02:34:11.000Z,1641266083207
96,android,app_1,2022-01-04T03:16:31.000Z,2022-01-04T02:34:11.000Z,1641266158134
96,android,app_1,2022-01-04T16:30:20.000Z,2022-01-04T02:34:11.000Z,1641313821879
96,android,app_1,2022-01-04T16:31:37.000Z,2022-01-04T02:34:11.000Z,1641313867556
96,android,app_1,2022-01-04T16:32:49.000Z,2022-01-04T02:34:11.000Z,1641313948596
96,android,app_1,2022-01-04T16:33:39.000Z,2022-01-04T02:34:11.000Z,1641314006369
96,android,app_1,2022-01-04T16:35:09.000Z,2022-01-04T02:34:11.000Z,1641314083327
96,android,app_1,2022-01-04T16:37:55.000Z,2022-01-04T02:34:11.000Z,1641314216367
96,android,app_1,2022-01-04T16:39:33.000Z,2022-01-04T02:34:11.000Z,1641314354986
96,android,app_1,2022-01-04T16:41:03.000Z,2022-01-04T02:34:11.000Z,1641314453980
97,ios,app_1,2022-01-05T02:41:20.000Z,2022-01-05T02:41:20.000Z,1641350480305
97,ios,app_1,2022-01-05T02:41:23.000Z,2022-01-05T02:41:20.000Z,1641350482553
97,ios,app_1,2022-01-05T02:41:39.000Z,2022-01-05T02:41:20.000Z,1641350485969
97,ios,app_1,2022-01-05T02:58:16.000Z,2022-01-05T02:41:20.000Z,1641351475945
97,ios,app_1,2022-01-06T03:05:07.000Z,2022-01-05T02:41:20.000Z,1641438307337
98,ios,app_1,2022-01-05T05:42:36.000Z,2022-01-05T05:42:36.000Z,1641361354994
98,ios,app_1,2022-01-05T05:42:38.000Z,2022-01-05T05:42:36.000Z,1641361358007
98,ios,app_1,2022-01-05T05:42:52.000Z,2022-01-05T05:42:36.000Z,1641361362518
98,ios,app_1,2022-01-06T02:28:48.000Z,2022-01-05T05:42:36.000Z,1641436127824
98,ios,app_1,2022-01-06T02:29:27.000Z,2022-01-05T05:42:36.000Z,1641436152902
98,ios,app_1,2022-01-06T02:33:58.000Z,2022-01-05T05:42:36.000Z,1641436362440
98,ios,app_1,2022-01-06T02:49:20.000Z,2022-01-05T05:42:36.000Z,1641437054295
99,android,app_1,2022-01-06T22:11:29.000Z,2022-01-06T22:11:29.000Z,1641507087754
100,android,app_1,2022-01-06T17:14:24.000Z,2022-01-06T17:14:24.000Z,1641489261068
100,android,app_1,2022-01-06T17:16:12.000Z,2022-01-06T17:14:24.000Z,1641489366070
100,android,app_1,2022-01-06T17:17:41.000Z,2022-01-06T17:14:24.000Z,1641489453276
